id	player	season	label	trait	question	preview	verdict	priority
adrian-dantley-1984-ball-stopper	Adrian Dantley	1984	1983-84	ball-stopper	Was 1984 Adrian Dantley a Ball Stopper?	1984 ADRIAN DANTLEY · BALL STOPPER?	qualifies	35
adrian-dantley-1984-rim-pressurer	Adrian Dantley	1984	1983-84	rim-pressurer	Was 1984 Adrian Dantley a Rim Pressurer?	1984 ADRIAN DANTLEY · RIM PRESSURER?	qualifies	35
adrian-dantley-1984-team-defender	Adrian Dantley	1984	1983-84	team-defender	Was 1984 Adrian Dantley an elite Team Defender?	1984 ADRIAN DANTLEY · TEAM DEFENDER?	does_not_qualify	35
al-horford-2018-team-defender	Al Horford	2018	2017-18	team-defender	Was 2018 Horford a quietly elite team defender?	2018 HORFORD · QUIETLY ELITE?		86
alex-english-1983-off-ball-scorer	Alex English	1983	1982-83	off-ball-scorer	Was 1983 Alex English an elite Off-Ball Scorer?	1983 ALEX ENGLISH · OFF-BALL SCORER?	qualifies	35
alex-english-1983-team-defender	Alex English	1983	1982-83	team-defender	Was 1983 Alex English an elite Team Defender?	1983 ALEX ENGLISH · TEAM DEFENDER?	does_not_qualify	35
alex-english-1983-tough-shot-maker	Alex English	1983	1982-83	tough-shot-maker	Was 1983 Alex English an elite Tough Shot Maker?	1983 ALEX ENGLISH · TOUGH SHOT MAKER?	qualifies	35
allen-iverson-2001-rim-pressurer	Allen Iverson	2001	2000-01	rim-pressurer	Was 2001 Allen Iverson a Rim Pressurer?	2001 ALLEN IVERSON · RIM PRESSURER?	qualifies	35
alonzo-mourning-1999-championship-number-one	Alonzo Mourning	1999	1998-99	championship-number-one	Could 1999 Alonzo Mourning have been the #1 on a championship team?	1999 ALONZO MOURNING · CHAMPIONSHIP #1?	qualifies	35
alonzo-mourning-1999-playmaker	Alonzo Mourning	1999	1998-99	playmaker	Was 1999 Alonzo Mourning an elite Playmaker?	1999 ALONZO MOURNING · PLAYMAKER?	does_not_qualify	35
alonzo-mourning-1999-rim-protector	Alonzo Mourning	1999	1998-99	rim-protector	Was 1999 Alonzo Mourning an elite Rim Protector?	1999 ALONZO MOURNING · RIM PROTECTOR?	qualifies	35
alvin-robertson-1986-iso-defender	Alvin Robertson	1986	1985-86	iso-defender	Was 1986 Alvin Robertson an elite Iso Defender?	1986 ALVIN ROBERTSON · ISO DEFENDER?	qualifies	35
alvin-robertson-1986-team-defender	Alvin Robertson	1986	1985-86	team-defender	Was 1986 Alvin Robertson an elite Team Defender?	1986 ALVIN ROBERTSON · TEAM DEFENDER?	qualifies	35
alvin-robertson-1986-three-point-shooter	Alvin Robertson	1986	1985-86	three-point-shooter	Was 1986 Alvin Robertson a Three-Point Shooter?	1986 ALVIN ROBERTSON · THREE-POINT SHOOTER?	does_not_qualify	35
amar-e-stoudemire-2005-rim-pressurer	Amar'e Stoudemire	2005	2004-05	rim-pressurer	Was 2005 Amar'e Stoudemire a Rim Pressurer?	2005 AMAR'E STOUDEMIRE · RIM PRESSURER?	qualifies	35
amar-e-stoudemire-2005-team-defender	Amar'e Stoudemire	2005	2004-05	team-defender	Was 2005 Amar'e Stoudemire an elite Team Defender?	2005 AMAR'E STOUDEMIRE · TEAM DEFENDER?	does_not_qualify	35
amar-e-stoudemire-2005-tough-shot-maker	Amar'e Stoudemire	2005	2004-05	tough-shot-maker	Was 2005 Amar'e Stoudemire an elite Tough Shot Maker?	2005 AMAR'E STOUDEMIRE · TOUGH SHOT MAKER?	qualifies	35
andre-drummond-2013-stat-padder	Andre Drummond	2013	2012-13	stat-padder	Was 2013 Andre Drummond a Stat Padder?	2013 ANDRE DRUMMOND · STAT PADDER?	qualifies	45
andre-drummond-2014-stat-padder	Andre Drummond	2014	2013-14	stat-padder	Was 2014 Andre Drummond a Stat Padder?	2014 ANDRE DRUMMOND · STAT PADDER?	qualifies	45
andre-drummond-2015-stat-padder	Andre Drummond	2015	2014-15	stat-padder	Was 2015 Andre Drummond a Stat Padder?	2015 ANDRE DRUMMOND · STAT PADDER?	qualifies	45
andre-drummond-2016-stat-padder	Andre Drummond	2016	2015-16	stat-padder	Was 2016 Andre Drummond a Stat Padder?	2016 ANDRE DRUMMOND · STAT PADDER?	qualifies	45
andre-drummond-2017-stat-padder	Andre Drummond	2017	2016-17	stat-padder	Was 2017 Andre Drummond a Stat Padder?	2017 ANDRE DRUMMOND · STAT PADDER?	qualifies	45
andre-drummond-2018-stat-padder	Andre Drummond	2018	2017-18	stat-padder	Was 2018 Andre Drummond a Stat Padder?	2018 ANDRE DRUMMOND · STAT PADDER?	qualifies	45
andre-drummond-2019-stat-padder	Andre Drummond	2019	2018-19	stat-padder	Was 2019 Andre Drummond a Stat Padder?	2019 ANDRE DRUMMOND · STAT PADDER?	qualifies	45
andre-drummond-2020-stat-padder	Andre Drummond	2020	2019-20	stat-padder	Was 2020 Andre Drummond a Stat Padder?	2020 ANDRE DRUMMOND · STAT PADDER?	qualifies	45
andre-iguodala-2015-championship-number-one	Andre Iguodala	2015	2014-15	championship-number-one	Could 2015 Andre Iguodala have been the #1 on a championship team?	2015 ANDRE IGUODALA · CHAMPIONSHIP #1?	qualifies	25
anfernee-hardaway-1996-championship-number-one	Anfernee Hardaway	1996	1995-96	championship-number-one	Could 1996 Anfernee Hardaway have been the #1 on a championship team?	1996 ANFERNEE HARDAWAY · CHAMPIONSHIP #1?	qualifies	35
anfernee-hardaway-1996-playmaker	Anfernee Hardaway	1996	1995-96	playmaker	Was 1996 Anfernee Hardaway an elite Playmaker?	1996 ANFERNEE HARDAWAY · PLAYMAKER?	qualifies	35
anfernee-hardaway-1996-rim-pressurer	Anfernee Hardaway	1996	1995-96	rim-pressurer	Was 1996 Anfernee Hardaway a Rim Pressurer?	1996 ANFERNEE HARDAWAY · RIM PRESSURER?	qualifies	35
anthony-davis-2015-championship-number-one	Anthony Davis	2015	2014-15	championship-number-one	Could 2015 Anthony Davis have been the #1 on a championship team?	2015 ANTHONY DAVIS · CHAMPIONSHIP #1?	qualifies	35
anthony-davis-2015-playmaker	Anthony Davis	2015	2014-15	playmaker	Was 2015 Anthony Davis an elite Playmaker?	2015 ANTHONY DAVIS · PLAYMAKER?	does_not_qualify	35
anthony-davis-2015-rim-protector	Anthony Davis	2015	2014-15	rim-protector	Was 2015 Anthony Davis an elite Rim Protector?	2015 ANTHONY DAVIS · RIM PROTECTOR?	qualifies	35
anthony-davis-2020-rim-protector	Anthony Davis	2020	2019-20	rim-protector	Was 2020 AD an elite rim protector?	2020 AD · ELITE RIM PROTECTOR?		50
anthony-edwards-2024-tough-shot-maker	Anthony Edwards	2024	2023-24	tough-shot-maker	Was 2024 Anthony Edwards an elite Tough Shot Maker?	2024 ANTHONY EDWARDS · TOUGH SHOT MAKER?	qualifies	35
artis-gilmore-1978-off-ball-scorer	Artis Gilmore	1978	1977-78	off-ball-scorer	Was 1978 Artis Gilmore an elite Off-Ball Scorer?	1978 ARTIS GILMORE · OFF-BALL SCORER?	qualifies	35
artis-gilmore-1978-rim-protector	Artis Gilmore	1978	1977-78	rim-protector	Was 1978 Artis Gilmore an elite Rim Protector?	1978 ARTIS GILMORE · RIM PROTECTOR?	qualifies	35
artis-gilmore-1978-team-defender	Artis Gilmore	1978	1977-78	team-defender	Was 1978 Artis Gilmore an elite Team Defender?	1978 ARTIS GILMORE · TEAM DEFENDER?	qualifies	35
arvydas-sabonis-1996-playmaker	Arvydas Sabonis	1996	1995-96	playmaker	Was 1996 Arvydas Sabonis an elite Playmaker?	1996 ARVYDAS SABONIS · PLAYMAKER?	qualifies	35
arvydas-sabonis-1996-rim-protector	Arvydas Sabonis	1996	1995-96	rim-protector	Was 1996 Arvydas Sabonis an elite Rim Protector?	1996 ARVYDAS SABONIS · RIM PROTECTOR?	qualifies	35
arvydas-sabonis-1996-team-defender	Arvydas Sabonis	1996	1995-96	team-defender	Was 1996 Arvydas Sabonis an elite Team Defender?	1996 ARVYDAS SABONIS · TEAM DEFENDER?	qualifies	35
bam-adebayo-2022-switchable-defender	Bam Adebayo	2022	2021-22	switchable-defender	Could 2022 Bam switch onto guards and hold up?	2022 BAM · SWITCH ONTO GUARDS?		90
bam-adebayo-2022-team-defender	Bam Adebayo	2022	2021-22	team-defender	Was 2022 Bam an elite defensive quarterback?	2022 BAM · DEFENSIVE QUARTERBACK?		88
baron-davis-2007-playmaker	Baron Davis	2007	2006-07	playmaker	Was 2007 Baron Davis an elite Playmaker?	2007 BARON DAVIS · PLAYMAKER?	qualifies	35
baron-davis-2007-rim-pressurer	Baron Davis	2007	2006-07	rim-pressurer	Was 2007 Baron Davis a Rim Pressurer?	2007 BARON DAVIS · RIM PRESSURER?	qualifies	35
baron-davis-2007-tough-shot-maker	Baron Davis	2007	2006-07	tough-shot-maker	Was 2007 Baron Davis an elite Tough Shot Maker?	2007 BARON DAVIS · TOUGH SHOT MAKER?	qualifies	35
ben-simmons-2021-clutch	Ben Simmons	2021	2020-21	clutch	Was 2021 Ben Simmons clutch?	2021 SIMMONS · CLUTCH?	does_not_qualify	94
ben-simmons-2021-switchable-defender	Ben Simmons	2021	2020-21	switchable-defender	Could 2021 Ben Simmons really guard 1 through 5?	2021 SIMMONS · GUARD 1 THROUGH 5?	qualifies	92
ben-wallace-2004-championship-number-one	Ben Wallace	2004	2003-04	championship-number-one	Could 2004 Ben Wallace have been the #1 on a championship team?	2004 BEN WALLACE · CHAMPIONSHIP #1?	does_not_qualify	35
ben-wallace-2004-iso-defender	Ben Wallace	2004	2003-04	iso-defender	Was 2004 Ben Wallace an elite Iso Defender?	2004 BEN WALLACE · ISO DEFENDER?	qualifies	35
ben-wallace-2004-rim-protector	Ben Wallace	2004	2003-04	rim-protector	Was 2004 Big Ben an elite rim protector?	2004 BIG BEN · ELITE RIM PROTECTOR?	qualifies	35
ben-wallace-2004-switchable-defender	Ben Wallace	2004	2003-04	switchable-defender	Was 2004 Ben Wallace a Switchable Defender?	2004 BEN WALLACE · SWITCHABLE DEFENDER?	qualifies	35
bernard-king-1985-championship-number-one	Bernard King	1985	1984-85	championship-number-one	Could 1985 Bernard King have been the #1 on a championship team?	1985 BERNARD KING · CHAMPIONSHIP #1?	qualifies	35
bernard-king-1985-playmaker	Bernard King	1985	1984-85	playmaker	Was 1985 Bernard King an elite Playmaker?	1985 BERNARD KING · PLAYMAKER?	does_not_qualify	35
bernard-king-1985-tough-shot-maker	Bernard King	1985	1984-85	tough-shot-maker	Was 1985 Bernard King an elite Tough Shot Maker?	1985 BERNARD KING · TOUGH SHOT MAKER?	qualifies	35
bill-walton-1977-championship-number-one	Bill Walton	1977	1976-77	championship-number-one	Could 1977 Bill Walton have been the #1 on a championship team?	1977 BILL WALTON · CHAMPIONSHIP #1?	qualifies	25
bill-walton-1978-championship-number-one	Bill Walton	1978	1977-78	championship-number-one	Could 1978 Bill Walton have been the #1 on a championship team?	1978 BILL WALTON · CHAMPIONSHIP #1?	qualifies	35
bill-walton-1978-rim-protector	Bill Walton	1978	1977-78	rim-protector	Was 1978 Bill Walton an elite Rim Protector?	1978 BILL WALTON · RIM PROTECTOR?	qualifies	35
bill-walton-1978-team-defender	Bill Walton	1978	1977-78	team-defender	Was 1978 Bill Walton an elite Team Defender?	1978 BILL WALTON · TEAM DEFENDER?	qualifies	35
blake-griffin-2014-championship-number-one	Blake Griffin	2014	2013-14	championship-number-one	Could 2014 Blake Griffin have been the #1 on a championship team?	2014 BLAKE GRIFFIN · CHAMPIONSHIP #1?	qualifies	35
blake-griffin-2014-playmaker	Blake Griffin	2014	2013-14	playmaker	Was 2014 Blake Griffin an elite Playmaker?	2014 BLAKE GRIFFIN · PLAYMAKER?	qualifies	35
blake-griffin-2014-rim-protector	Blake Griffin	2014	2013-14	rim-protector	Was 2014 Blake Griffin an elite Rim Protector?	2014 BLAKE GRIFFIN · RIM PROTECTOR?	does_not_qualify	35
bob-mcadoo-1975-championship-number-one	Bob McAdoo	1975	1974-75	championship-number-one	Could 1975 Bob McAdoo have been the #1 on a championship team?	1975 BOB MCADOO · CHAMPIONSHIP #1?	qualifies	35
bob-mcadoo-1975-iso-defender	Bob McAdoo	1975	1974-75	iso-defender	Was 1975 Bob McAdoo an elite Iso Defender?	1975 BOB MCADOO · ISO DEFENDER?	does_not_qualify	35
bob-mcadoo-1975-tough-shot-maker	Bob McAdoo	1975	1974-75	tough-shot-maker	Was 1975 Bob McAdoo an elite Tough Shot Maker?	1975 BOB MCADOO · TOUGH SHOT MAKER?	qualifies	35
bobby-jones-1977-championship-number-one	Bobby Jones	1977	1976-77	championship-number-one	Could 1977 Bobby Jones have been the #1 on a championship team?	1977 BOBBY JONES · CHAMPIONSHIP #1?	does_not_qualify	35
bobby-jones-1977-switchable-defender	Bobby Jones	1977	1976-77	switchable-defender	Was 1977 Bobby Jones a Switchable Defender?	1977 BOBBY JONES · SWITCHABLE DEFENDER?	qualifies	35
bobby-jones-1977-team-defender	Bobby Jones	1977	1976-77	team-defender	Was 1977 Bobby Jones an elite Team Defender?	1977 BOBBY JONES · TEAM DEFENDER?	qualifies	35
brandon-roy-2009-championship-number-one	Brandon Roy	2009	2008-09	championship-number-one	Could 2009 Brandon Roy have been the #1 on a championship team?	2009 BRANDON ROY · CHAMPIONSHIP #1?	qualifies	35
brandon-roy-2009-playmaker	Brandon Roy	2009	2008-09	playmaker	Was 2009 Brandon Roy an elite Playmaker?	2009 BRANDON ROY · PLAYMAKER?	qualifies	35
brandon-roy-2009-tough-shot-maker	Brandon Roy	2009	2008-09	tough-shot-maker	Was 2009 Brandon Roy an elite Tough Shot Maker?	2009 BRANDON ROY · TOUGH SHOT MAKER?	qualifies	35
carmelo-anthony-2006-ball-stopper	Carmelo Anthony	2006	2005-06	ball-stopper	Was 2006 Carmelo Anthony a Ball Stopper?	2006 CARMELO ANTHONY · BALL STOPPER?	qualifies	45
carmelo-anthony-2007-ball-stopper	Carmelo Anthony	2007	2006-07	ball-stopper	Was 2007 Carmelo Anthony a Ball Stopper?	2007 CARMELO ANTHONY · BALL STOPPER?	qualifies	45
carmelo-anthony-2008-ball-stopper	Carmelo Anthony	2008	2007-08	ball-stopper	Was 2008 Carmelo Anthony a Ball Stopper?	2008 CARMELO ANTHONY · BALL STOPPER?	qualifies	45
carmelo-anthony-2009-ball-stopper	Carmelo Anthony	2009	2008-09	ball-stopper	Was 2009 Carmelo Anthony a Ball Stopper?	2009 CARMELO ANTHONY · BALL STOPPER?	qualifies	45
carmelo-anthony-2010-ball-stopper	Carmelo Anthony	2010	2009-10	ball-stopper	Was 2010 Carmelo Anthony a Ball Stopper?	2010 CARMELO ANTHONY · BALL STOPPER?	qualifies	45
carmelo-anthony-2011-ball-stopper	Carmelo Anthony	2011	2010-11	ball-stopper	Was 2011 Carmelo Anthony a Ball Stopper?	2011 CARMELO ANTHONY · BALL STOPPER?	qualifies	45
carmelo-anthony-2012-ball-stopper	Carmelo Anthony	2012	2011-12	ball-stopper	Was 2012 Carmelo Anthony a Ball Stopper?	2012 CARMELO ANTHONY · BALL STOPPER?	qualifies	45
carmelo-anthony-2013-iso-defender	Carmelo Anthony	2013	2012-13	iso-defender	Could 2013 Melo hold up guarding the ball?	2013 MELO · HOLD UP ON DEFENSE?	does_not_qualify	86
carmelo-anthony-2013-off-ball-scorer	Carmelo Anthony	2013	2012-13	off-ball-scorer	Could 2013 Melo score without holding the ball?	2013 MELO · OFF-BALL SCORER?		84
carmelo-anthony-2014-ball-stopper	Carmelo Anthony	2014	2013-14	ball-stopper	Was 2014 Carmelo Anthony a Ball Stopper?	2014 CARMELO ANTHONY · BALL STOPPER?	qualifies	45
carmelo-anthony-2015-ball-stopper	Carmelo Anthony	2015	2014-15	ball-stopper	Was 2015 Carmelo Anthony a Ball Stopper?	2015 CARMELO ANTHONY · BALL STOPPER?	qualifies	45
cedric-maxwell-1981-championship-number-one	Cedric Maxwell	1981	1980-81	championship-number-one	Could 1981 Cedric Maxwell have been the #1 on a championship team?	1981 CEDRIC MAXWELL · CHAMPIONSHIP #1?	qualifies	25
charles-barkley-1993-championship-number-one	Charles Barkley	1993	1992-93	championship-number-one	Could 1993 Charles Barkley have been the #1 on a championship team?	1993 CHARLES BARKLEY · CHAMPIONSHIP #1?	qualifies	35
charles-barkley-1993-rim-pressurer	Charles Barkley	1993	1992-93	rim-pressurer	Was 1993 Charles Barkley a Rim Pressurer?	1993 CHARLES BARKLEY · RIM PRESSURER?	qualifies	35
charles-barkley-1993-team-defender	Charles Barkley	1993	1992-93	team-defender	Was 1993 Charles Barkley an elite Team Defender?	1993 CHARLES BARKLEY · TEAM DEFENDER?	does_not_qualify	35
chauncey-billups-2004-championship-number-one	Chauncey Billups	2004	2003-04	championship-number-one	Could 2004 Chauncey Billups have been the #1 on a championship team?	2004 CHAUNCEY BILLUPS · CHAMPIONSHIP #1?	qualifies	25
chauncey-billups-2006-championship-number-one	Chauncey Billups	2006	2005-06	championship-number-one	Could 2006 Chauncey Billups have been the #1 on a championship team?	2006 CHAUNCEY BILLUPS · CHAMPIONSHIP #1?	qualifies	35
chauncey-billups-2006-clutch	Chauncey Billups	2006	2005-06	clutch	Was 2006 Chauncey Billups clutch?	2006 CHAUNCEY BILLUPS · CLUTCH?	qualifies	35
chauncey-billups-2006-playmaker	Chauncey Billups	2006	2005-06	playmaker	Was 2006 Chauncey Billups an elite Playmaker?	2006 CHAUNCEY BILLUPS · PLAYMAKER?	qualifies	35
chris-mullin-1990-off-ball-scorer	Chris Mullin	1990	1989-90	off-ball-scorer	Was 1990 Chris Mullin an elite Off-Ball Scorer?	1990 CHRIS MULLIN · OFF-BALL SCORER?	qualifies	35
chris-mullin-1990-team-defender	Chris Mullin	1990	1989-90	team-defender	Was 1990 Chris Mullin an elite Team Defender?	1990 CHRIS MULLIN · TEAM DEFENDER?	does_not_qualify	35
chris-mullin-1990-tough-shot-maker	Chris Mullin	1990	1989-90	tough-shot-maker	Was 1990 Chris Mullin an elite Tough Shot Maker?	1990 CHRIS MULLIN · TOUGH SHOT MAKER?	qualifies	35
chris-paul-2006-ball-pounder	Chris Paul	2006	2005-06	ball-pounder	Was 2006 Chris Paul a Ball Pounder?	2006 CHRIS PAUL · BALL POUNDER?	qualifies	40
chris-paul-2007-ball-pounder	Chris Paul	2007	2006-07	ball-pounder	Was 2007 Chris Paul a Ball Pounder?	2007 CHRIS PAUL · BALL POUNDER?	qualifies	40
chris-paul-2008-iso-defender	Chris Paul	2008	2007-08	iso-defender	Was 2008 Chris Paul an elite Iso Defender?	2008 CHRIS PAUL · ISO DEFENDER?	qualifies	35
chris-paul-2009-ball-pounder	Chris Paul	2009	2008-09	ball-pounder	Was 2009 Chris Paul a Ball Pounder?	2009 CHRIS PAUL · BALL POUNDER?	qualifies	40
chris-paul-2010-ball-pounder	Chris Paul	2010	2009-10	ball-pounder	Was 2010 Chris Paul a Ball Pounder?	2010 CHRIS PAUL · BALL POUNDER?	qualifies	40
chris-paul-2011-ball-pounder	Chris Paul	2011	2010-11	ball-pounder	Was 2011 Chris Paul a Ball Pounder?	2011 CHRIS PAUL · BALL POUNDER?	qualifies	40
chris-paul-2012-ball-pounder	Chris Paul	2012	2011-12	ball-pounder	Was 2012 Chris Paul a Ball Pounder?	2012 CHRIS PAUL · BALL POUNDER?	qualifies	40
chris-paul-2013-ball-pounder	Chris Paul	2013	2012-13	ball-pounder	Was 2013 Chris Paul a Ball Pounder?	2013 CHRIS PAUL · BALL POUNDER?	qualifies	40
chris-paul-2014-ball-pounder	Chris Paul	2014	2013-14	ball-pounder	Was 2014 Chris Paul a Ball Pounder?	2014 CHRIS PAUL · BALL POUNDER?	qualifies	40
chris-paul-2015-ball-pounder	Chris Paul	2015	2014-15	ball-pounder	Was 2015 Chris Paul a Ball Pounder?	2015 CHRIS PAUL · BALL POUNDER?	qualifies	40
chris-paul-2016-ball-pounder	Chris Paul	2016	2015-16	ball-pounder	Was 2016 Chris Paul a Ball Pounder?	2016 CHRIS PAUL · BALL POUNDER?	qualifies	40
chris-paul-2017-ball-pounder	Chris Paul	2017	2016-17	ball-pounder	Was 2017 Chris Paul a Ball Pounder?	2017 CHRIS PAUL · BALL POUNDER?	qualifies	40
chris-paul-2018-ball-pounder	Chris Paul	2018	2017-18	ball-pounder	Was 2018 Chris Paul a Ball Pounder?	2018 CHRIS PAUL · BALL POUNDER?	qualifies	40
chris-paul-2019-ball-pounder	Chris Paul	2019	2018-19	ball-pounder	Was 2019 Chris Paul a Ball Pounder?	2019 CHRIS PAUL · BALL POUNDER?	qualifies	40
chris-paul-2020-ball-pounder	Chris Paul	2020	2019-20	ball-pounder	Was 2020 Chris Paul a Ball Pounder?	2020 CHRIS PAUL · BALL POUNDER?	qualifies	40
chris-paul-2021-ball-pounder	Chris Paul	2021	2020-21	ball-pounder	Was 2021 Chris Paul a Ball Pounder?	2021 CHRIS PAUL · BALL POUNDER?	qualifies	40
chris-paul-2022-ball-pounder	Chris Paul	2022	2021-22	ball-pounder	Was 2022 Chris Paul a Ball Pounder?	2022 CHRIS PAUL · BALL POUNDER?	qualifies	40
chris-paul-2023-ball-pounder	Chris Paul	2023	2022-23	ball-pounder	Was 2023 Chris Paul a Ball Pounder?	2023 CHRIS PAUL · BALL POUNDER?	qualifies	40
chris-paul-2024-ball-pounder	Chris Paul	2024	2023-24	ball-pounder	Was 2024 Chris Paul a Ball Pounder?	2024 CHRIS PAUL · BALL POUNDER?	qualifies	40
chris-paul-2025-ball-pounder	Chris Paul	2025	2024-25	ball-pounder	Was 2025 Chris Paul a Ball Pounder?	2025 CHRIS PAUL · BALL POUNDER?	qualifies	40
chris-paul-2026-ball-pounder	Chris Paul	2026	2025-26	ball-pounder	Was 2026 Chris Paul a Ball Pounder?	2026 CHRIS PAUL · BALL POUNDER?	qualifies	40
clyde-drexler-1992-championship-number-one	Clyde Drexler	1992	1991-92	championship-number-one	Could 1992 Clyde Drexler have been the #1 on a championship team?	1992 CLYDE DREXLER · CHAMPIONSHIP #1?	qualifies	35
clyde-drexler-1992-playmaker	Clyde Drexler	1992	1991-92	playmaker	Was 1992 Clyde Drexler an elite Playmaker?	1992 CLYDE DREXLER · PLAYMAKER?	qualifies	35
clyde-drexler-1992-rim-pressurer	Clyde Drexler	1992	1991-92	rim-pressurer	Was 1992 Clyde Drexler a Rim Pressurer?	1992 CLYDE DREXLER · RIM PRESSURER?	qualifies	35
dale-ellis-1989-team-defender	Dale Ellis	1989	1988-89	team-defender	Was 1989 Dale Ellis an elite Team Defender?	1989 DALE ELLIS · TEAM DEFENDER?	does_not_qualify	35
dale-ellis-1989-three-point-shooter	Dale Ellis	1989	1988-89	three-point-shooter	Was 1989 Dale Ellis a Three-Point Shooter?	1989 DALE ELLIS · THREE-POINT SHOOTER?	qualifies	35
dale-ellis-1989-tough-shot-maker	Dale Ellis	1989	1988-89	tough-shot-maker	Was 1989 Dale Ellis an elite Tough Shot Maker?	1989 DALE ELLIS · TOUGH SHOT MAKER?	qualifies	35
damian-lillard-2020-championship-number-one	Damian Lillard	2020	2019-20	championship-number-one	Could 2020 Damian Lillard have been the #1 on a championship team?	2020 DAMIAN LILLARD · CHAMPIONSHIP #1?	qualifies	35
damian-lillard-2020-clutch	Damian Lillard	2020	2019-20	clutch	Was 2020 Dame clutch?	2020 DAME · CLUTCH?	qualifies	95
damian-lillard-2020-iso-defender	Damian Lillard	2020	2019-20	iso-defender	Was 2020 Damian Lillard an elite Iso Defender?	2020 DAMIAN LILLARD · ISO DEFENDER?	does_not_qualify	35
damian-lillard-2020-playmaker	Damian Lillard	2020	2019-20	playmaker	Was 2020 Damian Lillard an elite Playmaker?	2020 DAMIAN LILLARD · PLAYMAKER?	qualifies	35
damian-lillard-2020-super-three-point-shooter	Damian Lillard	2020	2019-20	super-three-point-shooter	Did 2020 Damian Lillard have gravity?	2020 DAME · GRAVITY?		89
david-robinson-1995-championship-number-one	David Robinson	1995	1994-95	championship-number-one	Could 1995 David Robinson have been the #1 on a championship team?	1995 DAVID ROBINSON · CHAMPIONSHIP #1?	qualifies	35
david-robinson-1995-clutch	David Robinson	1995	1994-95	clutch	Was 1995 David Robinson clutch?	1995 DAVID ROBINSON · CLUTCH?	does_not_qualify	35
david-robinson-1995-rim-protector	David Robinson	1995	1994-95	rim-protector	Was 1995 David Robinson an elite Rim Protector?	1995 DAVID ROBINSON · RIM PROTECTOR?	qualifies	35
david-thompson-1978-championship-number-one	David Thompson	1978	1977-78	championship-number-one	Could 1978 David Thompson have been the #1 on a championship team?	1978 DAVID THOMPSON · CHAMPIONSHIP #1?	qualifies	35
david-thompson-1978-off-ball-scorer	David Thompson	1978	1977-78	off-ball-scorer	Was 1978 David Thompson an elite Off-Ball Scorer?	1978 DAVID THOMPSON · OFF-BALL SCORER?	qualifies	35
david-thompson-1978-team-defender	David Thompson	1978	1977-78	team-defender	Was 1978 David Thompson an elite Team Defender?	1978 DAVID THOMPSON · TEAM DEFENDER?	does_not_qualify	35
demar-derozan-2018-rim-pressurer	DeMar DeRozan	2018	2017-18	rim-pressurer	Did 2018 DeMar DeRozan attack the rim?	2018 DEROZAN · REAL RIM PRESSURE?		86
demarcus-cousins-2017-ball-pounder	DeMarcus Cousins	2017	2016-17	ball-pounder	Was 2017 DeMarcus Cousins a Ball Pounder?	2017 DEMARCUS COUSINS · BALL POUNDER?	qualifies	35
demarcus-cousins-2017-team-defender	DeMarcus Cousins	2017	2016-17	team-defender	Was 2017 DeMarcus Cousins an elite Team Defender?	2017 DEMARCUS COUSINS · TEAM DEFENDER?	does_not_qualify	35
demarcus-cousins-2017-tough-shot-maker	DeMarcus Cousins	2017	2016-17	tough-shot-maker	Was 2017 DeMarcus Cousins an elite Tough Shot Maker?	2017 DEMARCUS COUSINS · TOUGH SHOT MAKER?	qualifies	35
dennis-johnson-1979-championship-number-one	Dennis Johnson	1979	1978-79	championship-number-one	Could 1979 Dennis Johnson have been the #1 on a championship team?	1979 DENNIS JOHNSON · CHAMPIONSHIP #1?	qualifies	25
dennis-johnson-1986-clutch	Dennis Johnson	1986	1985-86	clutch	Was 1986 Dennis Johnson clutch?	1986 DENNIS JOHNSON · CLUTCH?	qualifies	35
dennis-johnson-1986-iso-defender	Dennis Johnson	1986	1985-86	iso-defender	Was 1986 Dennis Johnson an elite Iso Defender?	1986 DENNIS JOHNSON · ISO DEFENDER?	qualifies	35
dennis-johnson-1986-team-defender	Dennis Johnson	1986	1985-86	team-defender	Was 1986 Dennis Johnson an elite Team Defender?	1986 DENNIS JOHNSON · TEAM DEFENDER?	qualifies	35
dennis-rodman-1992-championship-number-one	Dennis Rodman	1992	1991-92	championship-number-one	Could 1992 Dennis Rodman have been the #1 on a championship team?	1992 DENNIS RODMAN · CHAMPIONSHIP #1?	does_not_qualify	35
dennis-rodman-1992-switchable-defender	Dennis Rodman	1992	1991-92	switchable-defender	Was 1992 Dennis Rodman a Switchable Defender?	1992 DENNIS RODMAN · SWITCHABLE DEFENDER?	qualifies	35
dennis-rodman-1992-team-defender	Dennis Rodman	1992	1991-92	team-defender	Was 1992 Dennis Rodman an elite Team Defender?	1992 DENNIS RODMAN · TEAM DEFENDER?	qualifies	35
devin-booker-2021-tough-shot-maker	Devin Booker	2021	2020-21	tough-shot-maker	Was 2021 Booker already an elite tough shot maker?	2021 BOOKER · ELITE TOUGH SHOTS?		85
dikembe-mutombo-1997-playmaker	Dikembe Mutombo	1997	1996-97	playmaker	Was 1997 Dikembe Mutombo an elite Playmaker?	1997 DIKEMBE MUTOMBO · PLAYMAKER?	does_not_qualify	35
dikembe-mutombo-1997-rim-protector	Dikembe Mutombo	1997	1996-97	rim-protector	Was 1997 Dikembe Mutombo an elite Rim Protector?	1997 DIKEMBE MUTOMBO · RIM PROTECTOR?	qualifies	35
dikembe-mutombo-1997-team-defender	Dikembe Mutombo	1997	1996-97	team-defender	Was 1997 Dikembe Mutombo an elite Team Defender?	1997 DIKEMBE MUTOMBO · TEAM DEFENDER?	qualifies	35
dirk-nowitzki-2007-championship-number-one	Dirk Nowitzki	2007	2006-07	championship-number-one	Could 2007 Dirk Nowitzki have been the #1 on a championship team?	2007 DIRK NOWITZKI · CHAMPIONSHIP #1?	qualifies	35
dirk-nowitzki-2007-tough-shot-maker	Dirk Nowitzki	2007	2006-07	tough-shot-maker	Was 2007 Dirk Nowitzki an elite Tough Shot Maker?	2007 DIRK NOWITZKI · TOUGH SHOT MAKER?	qualifies	35
dirk-nowitzki-2011-championship-number-one	Dirk Nowitzki	2011	2010-11	championship-number-one	Could 2011 Dirk Nowitzki have been the #1 on a championship team?	2011 DIRK NOWITZKI · CHAMPIONSHIP #1?	qualifies	25
dirk-nowitzki-2011-tough-shot-maker	Dirk Nowitzki	2011	2010-11	tough-shot-maker	Was 2011 Dirk genuinely unguardable one-on-one?	2011 DIRK · UNGUARDABLE?	qualifies	91
domantas-sabonis-2023-playmaker	Domantas Sabonis	2023	2022-23	playmaker	Was 2023 Sabonis a real offensive hub?	2023 SABONIS · REAL OFFENSIVE HUB?		87
dominique-wilkins-1986-rim-pressurer	Dominique Wilkins	1986	1985-86	rim-pressurer	Was 1986 Dominique Wilkins a Rim Pressurer?	1986 DOMINIQUE WILKINS · RIM PRESSURER?	qualifies	35
dominique-wilkins-1986-team-defender	Dominique Wilkins	1986	1985-86	team-defender	Was 1986 Dominique Wilkins an elite Team Defender?	1986 DOMINIQUE WILKINS · TEAM DEFENDER?	does_not_qualify	35
dominique-wilkins-1986-tough-shot-maker	Dominique Wilkins	1986	1985-86	tough-shot-maker	Was 1986 Dominique Wilkins an elite Tough Shot Maker?	1986 DOMINIQUE WILKINS · TOUGH SHOT MAKER?	qualifies	35
draymond-green-2016-playmaker	Draymond Green	2016	2015-16	playmaker	Was 2016 Draymond an elite playmaker for a forward?	2016 DRAYMOND · ELITE PLAYMAKER?		90
draymond-green-2016-team-defender	Draymond Green	2016	2015-16	team-defender	Was 2016 Draymond Green an elite Team Defender?	2016 DRAYMOND GREEN · TEAM DEFENDER?	qualifies	35
draymond-green-2016-tough-shot-maker	Draymond Green	2016	2015-16	tough-shot-maker	Was 2016 Draymond Green an elite Tough Shot Maker?	2016 DRAYMOND GREEN · TOUGH SHOT MAKER?	does_not_qualify	35
draymond-green-2017-team-defender	Draymond Green	2017	2016-17	team-defender	Was 2017 Draymond an elite team defender?	2017 DRAYMOND · ELITE TEAM DEFENDER?	qualifies	96
dwight-howard-2009-off-ball-scorer	Dwight Howard	2009	2008-09	off-ball-scorer	Was 2009 Dwight Howard an elite Off-Ball Scorer?	2009 DWIGHT HOWARD · OFF-BALL SCORER?	qualifies	35
dwight-howard-2009-rim-protector	Dwight Howard	2009	2008-09	rim-protector	Was 2009 Dwight Howard an elite Rim Protector?	2009 DWIGHT HOWARD · RIM PROTECTOR?	qualifies	35
dwight-howard-2009-team-defender	Dwight Howard	2009	2008-09	team-defender	Was 2009 Dwight Howard an elite Team Defender?	2009 DWIGHT HOWARD · TEAM DEFENDER?	qualifies	35
dwyane-wade-2006-championship-number-one	Dwyane Wade	2006	2005-06	championship-number-one	Could 2006 Dwyane Wade have been the #1 on a championship team?	2006 DWYANE WADE · CHAMPIONSHIP #1?	qualifies	25
dwyane-wade-2009-championship-number-one	Dwyane Wade	2009	2008-09	championship-number-one	Could 2009 Dwyane Wade have been the #1 on a championship team?	2009 DWYANE WADE · CHAMPIONSHIP #1?	qualifies	35
dwyane-wade-2009-playmaker	Dwyane Wade	2009	2008-09	playmaker	Was 2009 Dwyane Wade an elite Playmaker?	2009 DWYANE WADE · PLAYMAKER?	qualifies	35
dwyane-wade-2009-rim-pressurer	Dwyane Wade	2009	2008-09	rim-pressurer	Was 2009 Dwyane Wade a Rim Pressurer?	2009 DWYANE WADE · RIM PRESSURER?	qualifies	35
elvin-hayes-1978-ball-stopper	Elvin Hayes	1978	1977-78	ball-stopper	Was 1978 Elvin Hayes a Ball Stopper?	1978 ELVIN HAYES · BALL STOPPER?	qualifies	35
elvin-hayes-1978-team-defender	Elvin Hayes	1978	1977-78	team-defender	Was 1978 Elvin Hayes an elite Team Defender?	1978 ELVIN HAYES · TEAM DEFENDER?	qualifies	35
elvin-hayes-1978-tough-shot-maker	Elvin Hayes	1978	1977-78	tough-shot-maker	Was 1978 Elvin Hayes an elite Tough Shot Maker?	1978 ELVIN HAYES · TOUGH SHOT MAKER?	qualifies	35
gary-payton-1996-championship-number-one	Gary Payton	1996	1995-96	championship-number-one	Could 1996 Gary Payton have been the #1 on a championship team?	1996 GARY PAYTON · CHAMPIONSHIP #1?	qualifies	35
gary-payton-1996-iso-defender	Gary Payton	1996	1995-96	iso-defender	Was 1996 Gary Payton an elite Iso Defender?	1996 GARY PAYTON · ISO DEFENDER?	qualifies	35
gary-payton-1996-playmaker	Gary Payton	1996	1995-96	playmaker	Was 1996 Gary Payton an elite Playmaker?	1996 GARY PAYTON · PLAYMAKER?	qualifies	35
george-gervin-1979-championship-number-one	George Gervin	1979	1978-79	championship-number-one	Could 1979 George Gervin have been the #1 on a championship team?	1979 GEORGE GERVIN · CHAMPIONSHIP #1?	qualifies	35
george-gervin-1979-team-defender	George Gervin	1979	1978-79	team-defender	Was 1979 George Gervin an elite Team Defender?	1979 GEORGE GERVIN · TEAM DEFENDER?	does_not_qualify	35
george-gervin-1979-tough-shot-maker	George Gervin	1979	1978-79	tough-shot-maker	Was 1979 George Gervin an elite Tough Shot Maker?	1979 GEORGE GERVIN · TOUGH SHOT MAKER?	qualifies	35
giannis-antetokounmpo-2020-championship-number-one	Giannis Antetokounmpo	2020	2019-20	championship-number-one	Could 2020 Giannis Antetokounmpo have been the #1 on a championship team?	2020 GIANNIS ANTETOKOUNMPO · CHAMPIONSHIP #1?	qualifies	35
giannis-antetokounmpo-2020-rim-pressurer	Giannis Antetokounmpo	2020	2019-20	rim-pressurer	Was 2020 Giannis Antetokounmpo a Rim Pressurer?	2020 GIANNIS ANTETOKOUNMPO · RIM PRESSURER?	qualifies	35
giannis-antetokounmpo-2020-three-point-shooter	Giannis Antetokounmpo	2020	2019-20	three-point-shooter	Was 2020 Giannis Antetokounmpo a Three-Point Shooter?	2020 GIANNIS ANTETOKOUNMPO · THREE-POINT SHOOTER?	does_not_qualify	35
giannis-antetokounmpo-2021-championship-number-one	Giannis Antetokounmpo	2021	2020-21	championship-number-one	Could 2021 Giannis Antetokounmpo have been the #1 on a championship team?	2021 GIANNIS ANTETOKOUNMPO · CHAMPIONSHIP #1?	qualifies	25
giannis-antetokounmpo-2021-rim-pressurer	Giannis Antetokounmpo	2021	2020-21	rim-pressurer	Did 2021 Giannis Antetokounmpo attack the rim?	2021 GIANNIS · UNSTOPPABLE DOWNHILL?	qualifies	94
gilbert-arenas-2006-ball-pounder	Gilbert Arenas	2006	2005-06	ball-pounder	Was 2006 Gilbert Arenas a Ball Pounder?	2006 GILBERT ARENAS · BALL POUNDER?	qualifies	35
gilbert-arenas-2006-clutch	Gilbert Arenas	2006	2005-06	clutch	Was 2006 Gilbert Arenas clutch?	2006 GILBERT ARENAS · CLUTCH?	qualifies	35
gilbert-arenas-2006-team-defender	Gilbert Arenas	2006	2005-06	team-defender	Was 2006 Gilbert Arenas an elite Team Defender?	2006 GILBERT ARENAS · TEAM DEFENDER?	does_not_qualify	35
grant-hill-1997-championship-number-one	Grant Hill	1997	1996-97	championship-number-one	Could 1997 Grant Hill have been the #1 on a championship team?	1997 GRANT HILL · CHAMPIONSHIP #1?	qualifies	35
grant-hill-1997-rim-pressurer	Grant Hill	1997	1996-97	rim-pressurer	Was 1997 Grant Hill a Rim Pressurer?	1997 GRANT HILL · RIM PRESSURER?	qualifies	35
grant-hill-1997-three-point-shooter	Grant Hill	1997	1996-97	three-point-shooter	Was 1997 Grant Hill a Three-Point Shooter?	1997 GRANT HILL · THREE-POINT SHOOTER?	does_not_qualify	35
hakeem-olajuwon-1994-championship-number-one	Hakeem Olajuwon	1994	1993-94	championship-number-one	Could 1994 Hakeem Olajuwon have been the #1 on a championship team?	1994 HAKEEM OLAJUWON · CHAMPIONSHIP #1?	qualifies	25
hakeem-olajuwon-1994-rim-protector	Hakeem Olajuwon	1994	1993-94	rim-protector	Was 1994 Hakeem an elite rim protector?	1994 HAKEEM · ELITE RIM PROTECTOR?	qualifies	30
hakeem-olajuwon-1994-team-defender	Hakeem Olajuwon	1994	1993-94	team-defender	Was 1994 Hakeem Olajuwon an elite Team Defender?	1994 HAKEEM OLAJUWON · TEAM DEFENDER?	qualifies	35
hakeem-olajuwon-1994-tough-shot-maker	Hakeem Olajuwon	1994	1993-94	tough-shot-maker	Was 1994 Hakeem Olajuwon an elite Tough Shot Maker?	1994 HAKEEM OLAJUWON · TOUGH SHOT MAKER?	qualifies	35
hakeem-olajuwon-1995-championship-number-one	Hakeem Olajuwon	1995	1994-95	championship-number-one	Could 1995 Hakeem Olajuwon have been the #1 on a championship team?	1995 HAKEEM OLAJUWON · CHAMPIONSHIP #1?	qualifies	25
horace-grant-1994-championship-number-one	Horace Grant	1994	1993-94	championship-number-one	Could 1994 Horace Grant have been the #1 on a championship team?	1994 HORACE GRANT · CHAMPIONSHIP #1?	does_not_qualify	35
horace-grant-1994-off-ball-scorer	Horace Grant	1994	1993-94	off-ball-scorer	Was 1994 Horace Grant an elite Off-Ball Scorer?	1994 HORACE GRANT · OFF-BALL SCORER?	qualifies	35
horace-grant-1994-team-defender	Horace Grant	1994	1993-94	team-defender	Was 1994 Horace Grant an elite Team Defender?	1994 HORACE GRANT · TEAM DEFENDER?	qualifies	35
isaiah-thomas-2017-clutch	Isaiah Thomas	2017	2016-17	clutch	Was 2017 Isaiah Thomas clutch?	2017 ISAIAH THOMAS · CLUTCH?	qualifies	35
isaiah-thomas-2017-iso-defender	Isaiah Thomas	2017	2016-17	iso-defender	Was 2017 Isaiah Thomas an elite Iso Defender?	2017 ISAIAH THOMAS · ISO DEFENDER?	does_not_qualify	35
isaiah-thomas-2017-tough-shot-maker	Isaiah Thomas	2017	2016-17	tough-shot-maker	Was 2017 Isaiah Thomas an elite Tough Shot Maker?	2017 ISAIAH THOMAS · TOUGH SHOT MAKER?	qualifies	35
isiah-thomas-1990-championship-number-one	Isiah Thomas	1990	1989-90	championship-number-one	Could 1990 Isiah Thomas have been the #1 on a championship team?	1990 ISIAH THOMAS · CHAMPIONSHIP #1?	qualifies	25
isiah-thomas-1990-playmaker	Isiah Thomas	1990	1989-90	playmaker	Was 1990 Isiah Thomas an elite Playmaker?	1990 ISIAH THOMAS · PLAYMAKER?	qualifies	35
isiah-thomas-1990-super-three-point-shooter	Isiah Thomas	1990	1989-90	super-three-point-shooter	Did 1990 Isiah Thomas have game-breaking three-point gravity?	1990 ISIAH THOMAS · SUPER THREE-POINT SHOOTER?	does_not_qualify	35
jj-redick-2016-off-ball-scorer	JJ Redick	2016	2015-16	off-ball-scorer	Was 2016 JJ Redick an elite off-ball scorer?	2016 REDICK · ELITE OFF-BALL?		90
ja-morant-2022-playmaker	Ja Morant	2022	2021-22	playmaker	Was 2022 Ja Morant an elite Playmaker?	2022 JA MORANT · PLAYMAKER?	qualifies	35
ja-morant-2022-three-point-shooter	Ja Morant	2022	2021-22	three-point-shooter	Was 2022 Ja Morant a Three-Point Shooter?	2022 JA MORANT · THREE-POINT SHOOTER?	does_not_qualify	35
ja-morant-2022-tough-shot-maker	Ja Morant	2022	2021-22	tough-shot-maker	Was 2022 Ja Morant an elite Tough Shot Maker?	2022 JA MORANT · TOUGH SHOT MAKER?	qualifies	35
jack-sikma-1982-championship-number-one	Jack Sikma	1982	1981-82	championship-number-one	Could 1982 Jack Sikma have been the #1 on a championship team?	1982 JACK SIKMA · CHAMPIONSHIP #1?	does_not_qualify	35
jack-sikma-1982-playmaker	Jack Sikma	1982	1981-82	playmaker	Was 1982 Jack Sikma an elite Playmaker?	1982 JACK SIKMA · PLAYMAKER?	qualifies	35
jack-sikma-1982-team-defender	Jack Sikma	1982	1981-82	team-defender	Was 1982 Jack Sikma an elite Team Defender?	1982 JACK SIKMA · TEAM DEFENDER?	qualifies	35
jalen-brunson-2024-championship-number-one	Jalen Brunson	2024	2023-24	championship-number-one	Could 2024 Jalen Brunson have been the #1 on a championship team?	2024 JALEN BRUNSON · CHAMPIONSHIP #1?	qualifies	35
jalen-brunson-2024-clutch	Jalen Brunson	2024	2023-24	clutch	Was 2024 Jalen Brunson clutch?	2024 JALEN BRUNSON · CLUTCH?	qualifies	35
jalen-brunson-2024-iso-defender	Jalen Brunson	2024	2023-24	iso-defender	Was 2024 Jalen Brunson an elite Iso Defender?	2024 JALEN BRUNSON · ISO DEFENDER?	does_not_qualify	35
jalen-brunson-2026-championship-number-one	Jalen Brunson	2026	2025-26	championship-number-one	Could 2026 Jalen Brunson have been the #1 on a championship team?	2026 JALEN BRUNSON · CHAMPIONSHIP #1?	qualifies	25
james-harden-2013-foul-merchant	James Harden	2013	2012-13	foul-merchant	Was 2013 James Harden a Foul Merchant?	2013 JAMES HARDEN · FOUL MERCHANT?	qualifies	45
james-harden-2014-foul-merchant	James Harden	2014	2013-14	foul-merchant	Was 2014 James Harden a Foul Merchant?	2014 JAMES HARDEN · FOUL MERCHANT?	qualifies	45
james-harden-2015-foul-merchant	James Harden	2015	2014-15	foul-merchant	Was 2015 James Harden a Foul Merchant?	2015 JAMES HARDEN · FOUL MERCHANT?	qualifies	45
james-harden-2016-foul-merchant	James Harden	2016	2015-16	foul-merchant	Was 2016 James Harden a Foul Merchant?	2016 JAMES HARDEN · FOUL MERCHANT?	qualifies	45
james-harden-2017-foul-merchant	James Harden	2017	2016-17	foul-merchant	Was 2017 James Harden a Foul Merchant?	2017 JAMES HARDEN · FOUL MERCHANT?	qualifies	45
james-harden-2018-foul-merchant	James Harden	2018	2017-18	foul-merchant	Was 2018 James Harden a Foul Merchant?	2018 JAMES HARDEN · FOUL MERCHANT?	qualifies	45
james-harden-2019-ball-pounder	James Harden	2019	2018-19	ball-pounder	Was 2019 James Harden a Ball Pounder?	2019 JAMES HARDEN · BALL POUNDER?	qualifies	35
james-harden-2019-foul-merchant	James Harden	2019	2018-19	foul-merchant	Was 2019 James Harden a Foul Merchant?	2019 JAMES HARDEN · FOUL MERCHANT?	qualifies	45
james-harden-2019-playmaker	James Harden	2019	2018-19	playmaker	Was prime Harden an elite playmaker?	PRIME HARDEN · ELITE PLAYMAKER?		84
james-harden-2019-team-defender	James Harden	2019	2018-19	team-defender	Did 2019 Harden play real team defense?	2019 HARDEN · REAL TEAM DEFENSE?	does_not_qualify	80
james-harden-2020-foul-merchant	James Harden	2020	2019-20	foul-merchant	Was 2020 James Harden a Foul Merchant?	2020 JAMES HARDEN · FOUL MERCHANT?	qualifies	45
james-worthy-1988-championship-number-one	James Worthy	1988	1987-88	championship-number-one	Could 1988 James Worthy have been the #1 on a championship team?	1988 JAMES WORTHY · CHAMPIONSHIP #1?	qualifies	25
james-worthy-1988-clutch	James Worthy	1988	1987-88	clutch	Was 1988 James Worthy clutch?	1988 JAMES WORTHY · CLUTCH?	qualifies	35
james-worthy-1988-off-ball-scorer	James Worthy	1988	1987-88	off-ball-scorer	Was 1988 James Worthy an elite Off-Ball Scorer?	1988 JAMES WORTHY · OFF-BALL SCORER?	qualifies	35
james-worthy-1988-rim-pressurer	James Worthy	1988	1987-88	rim-pressurer	Was 1988 James Worthy a Rim Pressurer?	1988 JAMES WORTHY · RIM PRESSURER?	qualifies	35
jason-kidd-2002-playmaker	Jason Kidd	2002	2001-02	playmaker	Was 2002 Jason Kidd an elite Playmaker?	2002 JASON KIDD · PLAYMAKER?	qualifies	35
jason-kidd-2002-team-defender	Jason Kidd	2002	2001-02	team-defender	Was 2002 Jason Kidd an elite Team Defender?	2002 JASON KIDD · TEAM DEFENDER?	qualifies	35
jason-kidd-2002-three-point-shooter	Jason Kidd	2002	2001-02	three-point-shooter	Was 2002 Jason Kidd a Three-Point Shooter?	2002 JASON KIDD · THREE-POINT SHOOTER?	does_not_qualify	35
jaylen-brown-2024-championship-number-one	Jaylen Brown	2024	2023-24	championship-number-one	Could 2024 Jaylen Brown have been the #1 on a championship team?	2024 JAYLEN BROWN · CHAMPIONSHIP #1?	qualifies	25
jayson-tatum-2024-switchable-defender	Jayson Tatum	2024	2023-24	switchable-defender	Was 2024 Jayson Tatum a Switchable Defender?	2024 JAYSON TATUM · SWITCHABLE DEFENDER?	qualifies	35
jayson-tatum-2024-three-point-shooter	Jayson Tatum	2024	2023-24	three-point-shooter	Was 2024 Jayson Tatum a Three-Point Shooter?	2024 JAYSON TATUM · THREE-POINT SHOOTER?	qualifies	35
jimmy-butler-2020-championship-number-one	Jimmy Butler	2020	2019-20	championship-number-one	Could 2020 Jimmy Butler have been the #1 on a championship team?	2020 JIMMY BUTLER · CHAMPIONSHIP #1?	qualifies	35
jimmy-butler-2020-playmaker	Jimmy Butler	2020	2019-20	playmaker	Was 2020 Jimmy Butler an elite Playmaker?	2020 JIMMY BUTLER · PLAYMAKER?	qualifies	35
jimmy-butler-2020-three-point-shooter	Jimmy Butler	2020	2019-20	three-point-shooter	Was 2020 Jimmy Butler a Three-Point Shooter?	2020 JIMMY BUTLER · THREE-POINT SHOOTER?	does_not_qualify	35
jo-jo-white-1976-championship-number-one	Jo Jo White	1976	1975-76	championship-number-one	Could 1976 Jo Jo White have been the #1 on a championship team?	1976 JO JO WHITE · CHAMPIONSHIP #1?	qualifies	25
joakim-noah-2014-playmaker	Joakim Noah	2014	2013-14	playmaker	Was 2014 Joakim Noah an elite Playmaker?	2014 JOAKIM NOAH · PLAYMAKER?	qualifies	35
joakim-noah-2014-rim-protector	Joakim Noah	2014	2013-14	rim-protector	Was 2014 Joakim Noah an elite Rim Protector?	2014 JOAKIM NOAH · RIM PROTECTOR?	qualifies	35
joakim-noah-2014-team-defender	Joakim Noah	2014	2013-14	team-defender	Was 2014 Joakim Noah an elite Team Defender?	2014 JOAKIM NOAH · TEAM DEFENDER?	qualifies	35
joe-dumars-1989-championship-number-one	Joe Dumars	1989	1988-89	championship-number-one	Could 1989 Joe Dumars have been the #1 on a championship team?	1989 JOE DUMARS · CHAMPIONSHIP #1?	qualifies	25
joe-dumars-1989-clutch	Joe Dumars	1989	1988-89	clutch	Was 1989 Joe Dumars clutch?	1989 JOE DUMARS · CLUTCH?	qualifies	35
joe-dumars-1989-iso-defender	Joe Dumars	1989	1988-89	iso-defender	Was 1989 Joe Dumars an elite Iso Defender?	1989 JOE DUMARS · ISO DEFENDER?	qualifies	35
joe-dumars-1989-off-ball-scorer	Joe Dumars	1989	1988-89	off-ball-scorer	Was 1989 Joe Dumars an elite Off-Ball Scorer?	1989 JOE DUMARS · OFF-BALL SCORER?	qualifies	35
joel-embiid-2023-rim-protector	Joel Embiid	2023	2022-23	rim-protector	Was 2023 Joel Embiid an elite Rim Protector?	2023 JOEL EMBIID · RIM PROTECTOR?	qualifies	35
john-havlicek-1974-championship-number-one	John Havlicek	1974	1973-74	championship-number-one	Could 1974 John Havlicek have been the #1 on a championship team?	1974 JOHN HAVLICEK · CHAMPIONSHIP #1?	qualifies	25
john-havlicek-1974-clutch	John Havlicek	1974	1973-74	clutch	Was 1974 John Havlicek clutch?	1974 JOHN HAVLICEK · CLUTCH?	qualifies	35
john-havlicek-1974-off-ball-scorer	John Havlicek	1974	1973-74	off-ball-scorer	Was 1974 John Havlicek an elite Off-Ball Scorer?	1974 JOHN HAVLICEK · OFF-BALL SCORER?	qualifies	35
john-havlicek-1974-team-defender	John Havlicek	1974	1973-74	team-defender	Was 1974 John Havlicek an elite Team Defender?	1974 JOHN HAVLICEK · TEAM DEFENDER?	qualifies	35
john-stockton-1995-off-ball-scorer	John Stockton	1995	1994-95	off-ball-scorer	Was 1995 John Stockton an elite Off-Ball Scorer?	1995 JOHN STOCKTON · OFF-BALL SCORER?	qualifies	35
john-stockton-1995-playmaker	John Stockton	1995	1994-95	playmaker	Was 1995 John Stockton an elite Playmaker?	1995 JOHN STOCKTON · PLAYMAKER?	qualifies	35
john-stockton-1995-three-point-shooter	John Stockton	1995	1994-95	three-point-shooter	Was 1995 John Stockton a Three-Point Shooter?	1995 JOHN STOCKTON · THREE-POINT SHOOTER?	qualifies	35
julius-erving-1976-championship-number-one	Julius Erving	1976	1975-76	championship-number-one	Could 1976 Julius Erving have been the #1 on a championship team?	1976 JULIUS ERVING · CHAMPIONSHIP #1?	qualifies	35
julius-erving-1976-playmaker	Julius Erving	1976	1975-76	playmaker	Was 1976 Julius Erving an elite Playmaker?	1976 JULIUS ERVING · PLAYMAKER?	qualifies	35
julius-erving-1976-rim-pressurer	Julius Erving	1976	1975-76	rim-pressurer	Was 1976 Julius Erving a Rim Pressurer?	1976 JULIUS ERVING · RIM PRESSURER?	qualifies	35
kareem-abdul-jabbar-1977-championship-number-one	Kareem Abdul-Jabbar	1977	1976-77	championship-number-one	Could 1977 Kareem Abdul-Jabbar have been the #1 on a championship team?	1977 KAREEM ABDUL-JABBAR · CHAMPIONSHIP #1?	qualifies	35
kareem-abdul-jabbar-1977-playmaker	Kareem Abdul-Jabbar	1977	1976-77	playmaker	Was 1977 Kareem Abdul-Jabbar an elite Playmaker?	1977 KAREEM ABDUL-JABBAR · PLAYMAKER?	qualifies	35
kareem-abdul-jabbar-1977-rim-protector	Kareem Abdul-Jabbar	1977	1976-77	rim-protector	Was 1977 Kareem Abdul-Jabbar an elite Rim Protector?	1977 KAREEM ABDUL-JABBAR · RIM PROTECTOR?	qualifies	35
kareem-abdul-jabbar-1985-championship-number-one	Kareem Abdul-Jabbar	1985	1984-85	championship-number-one	Could 1985 Kareem Abdul-Jabbar have been the #1 on a championship team?	1985 KAREEM ABDUL-JABBAR · CHAMPIONSHIP #1?	qualifies	25
karl-malone-1997-championship-number-one	Karl Malone	1997	1996-97	championship-number-one	Could 1997 Karl Malone have been the #1 on a championship team?	1997 KARL MALONE · CHAMPIONSHIP #1?	qualifies	35
karl-malone-1997-clutch	Karl Malone	1997	1996-97	clutch	Was 1997 Karl Malone clutch?	1997 KARL MALONE · CLUTCH?	does_not_qualify	35
karl-malone-1997-rim-pressurer	Karl Malone	1997	1996-97	rim-pressurer	Was 1997 Karl Malone a Rim Pressurer?	1997 KARL MALONE · RIM PRESSURER?	qualifies	35
kawhi-leonard-2014-championship-number-one	Kawhi Leonard	2014	2013-14	championship-number-one	Could 2014 Kawhi Leonard have been the #1 on a championship team?	2014 KAWHI LEONARD · CHAMPIONSHIP #1?	qualifies	25
kawhi-leonard-2017-championship-number-one	Kawhi Leonard	2017	2016-17	championship-number-one	Could 2017 Kawhi Leonard have been the #1 on a championship team?	2017 KAWHI LEONARD · CHAMPIONSHIP #1?	qualifies	35
kawhi-leonard-2017-iso-defender	Kawhi Leonard	2017	2016-17	iso-defender	Was 2017 Kawhi Leonard an elite Iso Defender?	2017 KAWHI LEONARD · ISO DEFENDER?	qualifies	35
kawhi-leonard-2017-tough-shot-maker	Kawhi Leonard	2017	2016-17	tough-shot-maker	Was 2017 Kawhi Leonard an elite Tough Shot Maker?	2017 KAWHI LEONARD · TOUGH SHOT MAKER?	qualifies	35
kawhi-leonard-2019-championship-number-one	Kawhi Leonard	2019	2018-19	championship-number-one	Could 2019 Kawhi Leonard have been the #1 on a championship team?	2019 KAWHI LEONARD · CHAMPIONSHIP #1?	qualifies	25
kawhi-leonard-2019-iso-defender	Kawhi Leonard	2019	2018-19	iso-defender	Was 2019 Kawhi an elite iso defender?	2019 KAWHI · ELITE ISO DEFENDER?	qualifies	92
kevin-durant-2014-championship-number-one	Kevin Durant	2014	2013-14	championship-number-one	Could 2014 Kevin Durant have been the #1 on a championship team?	2014 KEVIN DURANT · CHAMPIONSHIP #1?	qualifies	35
kevin-durant-2014-off-ball-scorer	Kevin Durant	2014	2013-14	off-ball-scorer	Was MVP KD elite even without the ball?	MVP KD · ELITE WITHOUT THE BALL?		88
kevin-durant-2014-rim-pressurer	Kevin Durant	2014	2013-14	rim-pressurer	Was 2014 Kevin Durant a Rim Pressurer?	2014 KEVIN DURANT · RIM PRESSURER?	qualifies	35
kevin-durant-2014-super-three-point-shooter	Kevin Durant	2014	2013-14	super-three-point-shooter	Did 2014 Kevin Durant have game-breaking three-point gravity?	2014 KEVIN DURANT · SUPER THREE-POINT SHOOTER?	qualifies	35
kevin-durant-2014-tough-shot-maker	Kevin Durant	2014	2013-14	tough-shot-maker	Was MVP KD an elite tough shot maker?	MVP KD · ELITE TOUGH SHOTS?	qualifies	93
kevin-durant-2017-championship-number-one	Kevin Durant	2017	2016-17	championship-number-one	Could 2017 Kevin Durant have been the #1 on a championship team?	2017 KEVIN DURANT · CHAMPIONSHIP #1?	qualifies	25
kevin-durant-2017-switchable-defender	Kevin Durant	2017	2016-17	switchable-defender	Was 2017 KD a true switch defender?	2017 KD · TRUE SWITCH DEFENDER?		88
kevin-durant-2018-championship-number-one	Kevin Durant	2018	2017-18	championship-number-one	Could 2018 Kevin Durant have been the #1 on a championship team?	2018 KEVIN DURANT · CHAMPIONSHIP #1?	qualifies	25
kevin-garnett-2004-championship-number-one	Kevin Garnett	2004	2003-04	championship-number-one	Could 2004 Kevin Garnett have been the #1 on a championship team?	2004 KEVIN GARNETT · CHAMPIONSHIP #1?	qualifies	35
kevin-garnett-2004-playmaker	Kevin Garnett	2004	2003-04	playmaker	Was 2004 Kevin Garnett an elite Playmaker?	2004 KEVIN GARNETT · PLAYMAKER?	qualifies	35
kevin-garnett-2004-switchable-defender	Kevin Garnett	2004	2003-04	switchable-defender	Was 2004 Kevin Garnett a Switchable Defender?	2004 KEVIN GARNETT · SWITCHABLE DEFENDER?	qualifies	35
kevin-garnett-2004-team-defender	Kevin Garnett	2004	2003-04	team-defender	Could 2004 KG run a whole defense by himself?	2004 KG · RAN THE WHOLE DEFENSE?	qualifies	92
kevin-mchale-1987-championship-number-one	Kevin McHale	1987	1986-87	championship-number-one	Could 1987 Kevin McHale have been the #1 on a championship team?	1987 KEVIN MCHALE · CHAMPIONSHIP #1?	qualifies	35
kevin-mchale-1987-playmaker	Kevin McHale	1987	1986-87	playmaker	Was 1987 Kevin McHale an elite Playmaker?	1987 KEVIN MCHALE · PLAYMAKER?	does_not_qualify	35
kevin-mchale-1987-tough-shot-maker	Kevin McHale	1987	1986-87	tough-shot-maker	Was 1987 Kevin McHale an elite Tough Shot Maker?	1987 KEVIN MCHALE · TOUGH SHOT MAKER?	qualifies	35
khris-middleton-2021-off-ball-scorer	Khris Middleton	2021	2020-21	off-ball-scorer	Was 2021 Middleton an elite off-ball scorer?	2021 MIDDLETON · ELITE OFF-BALL?		87
kiki-vandeweghe-1984-ball-stopper	Kiki Vandeweghe	1984	1983-84	ball-stopper	Was 1984 Kiki Vandeweghe a Ball Stopper?	1984 KIKI VANDEWEGHE · BALL STOPPER?	qualifies	35
kiki-vandeweghe-1984-team-defender	Kiki Vandeweghe	1984	1983-84	team-defender	Was 1984 Kiki Vandeweghe an elite Team Defender?	1984 KIKI VANDEWEGHE · TEAM DEFENDER?	does_not_qualify	35
kiki-vandeweghe-1984-tough-shot-maker	Kiki Vandeweghe	1984	1983-84	tough-shot-maker	Was 1984 Kiki Vandeweghe an elite Tough Shot Maker?	1984 KIKI VANDEWEGHE · TOUGH SHOT MAKER?	qualifies	35
klay-thompson-2016-championship-number-one	Klay Thompson	2016	2015-16	championship-number-one	Could 2016 Klay Thompson have been the #1 on a championship team?	2016 KLAY THOMPSON · CHAMPIONSHIP #1?	does_not_qualify	35
klay-thompson-2016-iso-defender	Klay Thompson	2016	2015-16	iso-defender	Was prime Klay an elite point-of-attack defender?	PRIME KLAY · ELITE ON-BALL DEFENDER?		90
klay-thompson-2016-off-ball-scorer	Klay Thompson	2016	2015-16	off-ball-scorer	Was 2016 Klay an elite off-ball scorer?	2016 KLAY · ELITE OFF-BALL SCORER?	qualifies	93
klay-thompson-2016-playmaker	Klay Thompson	2016	2015-16	playmaker	Was 2016 Klay Thompson an elite Playmaker?	2016 KLAY THOMPSON · PLAYMAKER?	does_not_qualify	35
klay-thompson-2016-team-defender	Klay Thompson	2016	2015-16	team-defender	Was 2016 Klay Thompson an elite Team Defender?	2016 KLAY THOMPSON · TEAM DEFENDER?	qualifies	35
klay-thompson-2016-three-point-shooter	Klay Thompson	2016	2015-16	three-point-shooter	Was 2016 Klay an elite pure shooter?	2016 KLAY · ELITE PURE SHOOTER?	qualifies	60
kobe-bryant-2006-ball-pounder	Kobe Bryant	2006	2005-06	ball-pounder	Was 2006 Kobe Bryant a Ball Pounder?	2006 KOBE BRYANT · BALL POUNDER?	qualifies	35
kobe-bryant-2006-championship-number-one	Kobe Bryant	2006	2005-06	championship-number-one	Could 2006 Kobe Bryant have been the #1 on a championship team?	2006 KOBE BRYANT · CHAMPIONSHIP #1?	qualifies	35
kobe-bryant-2006-tough-shot-maker	Kobe Bryant	2006	2005-06	tough-shot-maker	Was 2006 Kobe an elite tough shot maker?	2006 KOBE · ELITE TOUGH SHOTS?		90
kobe-bryant-2007-ball-stopper	Kobe Bryant	2007	2006-07	ball-stopper	Was 2007 Kobe Bryant a Ball Stopper?	2007 KOBE BRYANT · BALL STOPPER?	qualifies	45
kobe-bryant-2008-ball-stopper	Kobe Bryant	2008	2007-08	ball-stopper	Was 2008 Kobe Bryant a Ball Stopper?	2008 KOBE BRYANT · BALL STOPPER?	qualifies	45
kobe-bryant-2009-ball-stopper	Kobe Bryant	2009	2008-09	ball-stopper	Was 2009 Kobe Bryant a Ball Stopper?	2009 KOBE BRYANT · BALL STOPPER?	qualifies	45
kobe-bryant-2009-championship-number-one	Kobe Bryant	2009	2008-09	championship-number-one	Could 2009 Kobe Bryant have been the #1 on a championship team?	2009 KOBE BRYANT · CHAMPIONSHIP #1?	qualifies	25
kobe-bryant-2010-ball-stopper	Kobe Bryant	2010	2009-10	ball-stopper	Was 2010 Kobe Bryant a Ball Stopper?	2010 KOBE BRYANT · BALL STOPPER?	qualifies	45
kobe-bryant-2010-championship-number-one	Kobe Bryant	2010	2009-10	championship-number-one	Could 2010 Kobe Bryant have been the #1 on a championship team?	2010 KOBE BRYANT · CHAMPIONSHIP #1?	qualifies	25
kobe-bryant-2011-ball-stopper	Kobe Bryant	2011	2010-11	ball-stopper	Was 2011 Kobe Bryant a Ball Stopper?	2011 KOBE BRYANT · BALL STOPPER?	qualifies	45
kobe-bryant-2012-ball-stopper	Kobe Bryant	2012	2011-12	ball-stopper	Was 2012 Kobe Bryant a Ball Stopper?	2012 KOBE BRYANT · BALL STOPPER?	qualifies	45
kyle-korver-2015-super-three-point-shooter	Kyle Korver	2015	2014-15	super-three-point-shooter	Did 2015 Kyle Korver have gravity?	2015 KORVER · GRAVITY?		86
kyle-lowry-2016-championship-number-one	Kyle Lowry	2016	2015-16	championship-number-one	Could 2016 Kyle Lowry have been the #1 on a championship team?	2016 KYLE LOWRY · CHAMPIONSHIP #1?	does_not_qualify	35
kyle-lowry-2016-playmaker	Kyle Lowry	2016	2015-16	playmaker	Was 2016 Kyle Lowry an elite Playmaker?	2016 KYLE LOWRY · PLAYMAKER?	qualifies	35
kyle-lowry-2016-three-point-shooter	Kyle Lowry	2016	2015-16	three-point-shooter	Was 2016 Kyle Lowry a Three-Point Shooter?	2016 KYLE LOWRY · THREE-POINT SHOOTER?	qualifies	35
kyrie-irving-2016-clutch	Kyrie Irving	2016	2015-16	clutch	Was 2016 Kyrie Irving clutch?	2016 KYRIE IRVING · CLUTCH?	qualifies	35
kyrie-irving-2016-team-defender	Kyrie Irving	2016	2015-16	team-defender	Was 2016 Kyrie Irving an elite Team Defender?	2016 KYRIE IRVING · TEAM DEFENDER?	does_not_qualify	35
kyrie-irving-2016-three-point-shooter	Kyrie Irving	2016	2015-16	three-point-shooter	Was 2016 Kyrie Irving a Three-Point Shooter?	2016 KYRIE IRVING · THREE-POINT SHOOTER?	qualifies	35
kyrie-irving-2016-tough-shot-maker	Kyrie Irving	2016	2015-16	tough-shot-maker	Was 2016 Kyrie an elite tough shot maker?	2016 KYRIE · ELITE TOUGH SHOTS?		88
larry-bird-1984-championship-number-one	Larry Bird	1984	1983-84	championship-number-one	Could 1984 Larry Bird have been the #1 on a championship team?	1984 LARRY BIRD · CHAMPIONSHIP #1?	qualifies	25
larry-bird-1986-championship-number-one	Larry Bird	1986	1985-86	championship-number-one	Could 1986 Larry Bird have been the #1 on a championship team?	1986 LARRY BIRD · CHAMPIONSHIP #1?	qualifies	25
larry-bird-1986-clutch	Larry Bird	1986	1985-86	clutch	Was 1986 Larry Bird clutch?	1986 LARRY BIRD · CLUTCH?	qualifies	35
larry-bird-1986-playmaker	Larry Bird	1986	1985-86	playmaker	Was 1986 Larry Bird an elite Playmaker?	1986 LARRY BIRD · PLAYMAKER?	qualifies	35
lebron-james-2009-championship-number-one	LeBron James	2009	2008-09	championship-number-one	Could 2009 LeBron James have been the #1 on a championship team?	2009 LEBRON JAMES · CHAMPIONSHIP #1?	qualifies	35
lebron-james-2009-playmaker	LeBron James	2009	2008-09	playmaker	Was 2009 LeBron James an elite Playmaker?	2009 LEBRON JAMES · PLAYMAKER?	qualifies	35
lebron-james-2009-rim-pressurer	LeBron James	2009	2008-09	rim-pressurer	Was 2009 LeBron James a Rim Pressurer?	2009 LEBRON JAMES · RIM PRESSURER?	qualifies	35
lebron-james-2012-championship-number-one	LeBron James	2012	2011-12	championship-number-one	Could 2012 LeBron James have been the #1 on a championship team?	2012 LEBRON JAMES · CHAMPIONSHIP #1?	qualifies	25
lebron-james-2013-championship-number-one	LeBron James	2013	2012-13	championship-number-one	Could 2013 LeBron James have been the #1 on a championship team?	2013 LEBRON JAMES · CHAMPIONSHIP #1?	qualifies	25
lebron-james-2016-championship-number-one	LeBron James	2016	2015-16	championship-number-one	Could 2016 LeBron James have been the #1 on a championship team?	2016 LEBRON JAMES · CHAMPIONSHIP #1?	qualifies	25
lebron-james-2020-championship-number-one	LeBron James	2020	2019-20	championship-number-one	Could 2020 LeBron James have been the #1 on a championship team?	2020 LEBRON JAMES · CHAMPIONSHIP #1?	qualifies	25
luka-doncic-2020-ball-pounder	Luka Doncic	2020	2019-20	ball-pounder	Was 2020 Luka Doncic a Ball Pounder?	2020 LUKA DONCIC · BALL POUNDER?	qualifies	45
luka-doncic-2021-ball-pounder	Luka Doncic	2021	2020-21	ball-pounder	Was 2021 Luka Doncic a Ball Pounder?	2021 LUKA DONCIC · BALL POUNDER?	qualifies	45
luka-doncic-2022-ball-pounder	Luka Doncic	2022	2021-22	ball-pounder	Was 2022 Luka Doncic a Ball Pounder?	2022 LUKA DONCIC · BALL POUNDER?	qualifies	45
luka-doncic-2023-ball-pounder	Luka Doncic	2023	2022-23	ball-pounder	Was 2023 Luka Doncic a Ball Pounder?	2023 LUKA DONCIC · BALL POUNDER?	qualifies	45
luka-doncic-2024-playmaker	Luka Doncic	2024	2023-24	playmaker	Was 2024 Luka Doncic an elite Playmaker?	2024 LUKA DONCIC · PLAYMAKER?	qualifies	35
luka-doncic-2024-rim-pressurer	Luka Doncic	2024	2023-24	rim-pressurer	Did 2024 Luka Doncic attack the rim?	2024 LUKA · ELITE RIM PRESSURE?		85
luka-doncic-2025-ball-pounder	Luka Doncic	2025	2024-25	ball-pounder	Was 2025 Luka Doncic a Ball Pounder?	2025 LUKA DONCIC · BALL POUNDER?	qualifies	45
luka-doncic-2026-ball-pounder	Luka Doncic	2026	2025-26	ball-pounder	Was 2026 Luka Doncic a Ball Pounder?	2026 LUKA DONCIC · BALL POUNDER?	qualifies	45
magic-johnson-1980-championship-number-one	Magic Johnson	1980	1979-80	championship-number-one	Could 1980 Magic Johnson have been the #1 on a championship team?	1980 MAGIC JOHNSON · CHAMPIONSHIP #1?	qualifies	25
magic-johnson-1982-championship-number-one	Magic Johnson	1982	1981-82	championship-number-one	Could 1982 Magic Johnson have been the #1 on a championship team?	1982 MAGIC JOHNSON · CHAMPIONSHIP #1?	qualifies	25
magic-johnson-1987-championship-number-one	Magic Johnson	1987	1986-87	championship-number-one	Could 1987 Magic Johnson have been the #1 on a championship team?	1987 MAGIC JOHNSON · CHAMPIONSHIP #1?	qualifies	25
magic-johnson-1987-playmaker	Magic Johnson	1987	1986-87	playmaker	Was 1987 Magic Johnson an elite Playmaker?	1987 MAGIC JOHNSON · PLAYMAKER?	qualifies	35
manu-ginobili-2008-clutch	Manu Ginobili	2008	2007-08	clutch	Was 2008 Manu Ginobili clutch?	2008 MANU GINOBILI · CLUTCH?	qualifies	35
manu-ginobili-2008-playmaker	Manu Ginobili	2008	2007-08	playmaker	Was 2008 Manu Ginobili an elite Playmaker?	2008 MANU GINOBILI · PLAYMAKER?	qualifies	35
manu-ginobili-2008-rim-pressurer	Manu Ginobili	2008	2007-08	rim-pressurer	Was 2008 Manu Ginobili a Rim Pressurer?	2008 MANU GINOBILI · RIM PRESSURER?	qualifies	35
marc-gasol-2013-playmaker	Marc Gasol	2013	2012-13	playmaker	Was 2013 Marc Gasol an elite Playmaker?	2013 MARC GASOL · PLAYMAKER?	qualifies	35
marc-gasol-2013-rim-protector	Marc Gasol	2013	2012-13	rim-protector	Was 2013 Marc Gasol an elite Rim Protector?	2013 MARC GASOL · RIM PROTECTOR?	qualifies	35
marc-gasol-2013-team-defender	Marc Gasol	2013	2012-13	team-defender	Was 2013 Marc Gasol an elite Team Defender?	2013 MARC GASOL · TEAM DEFENDER?	qualifies	35
mark-eaton-1989-rim-protector	Mark Eaton	1989	1988-89	rim-protector	Was 1989 Mark Eaton an elite Rim Protector?	1989 MARK EATON · RIM PROTECTOR?	qualifies	35
mark-eaton-1989-switchable-defender	Mark Eaton	1989	1988-89	switchable-defender	Was 1989 Mark Eaton a Switchable Defender?	1989 MARK EATON · SWITCHABLE DEFENDER?	does_not_qualify	35
mark-eaton-1989-team-defender	Mark Eaton	1989	1988-89	team-defender	Was 1989 Mark Eaton an elite Team Defender?	1989 MARK EATON · TEAM DEFENDER?	qualifies	35
mark-price-1994-clutch	Mark Price	1994	1993-94	clutch	Was 1994 Mark Price clutch?	1994 MARK PRICE · CLUTCH?	qualifies	35
mark-price-1994-playmaker	Mark Price	1994	1993-94	playmaker	Was 1994 Mark Price an elite Playmaker?	1994 MARK PRICE · PLAYMAKER?	qualifies	35
mark-price-1994-three-point-shooter	Mark Price	1994	1993-94	three-point-shooter	Was 1994 Mark Price a Three-Point Shooter?	1994 MARK PRICE · THREE-POINT SHOOTER?	qualifies	35
maurice-lucas-1977-clutch	Maurice Lucas	1977	1976-77	clutch	Was 1977 Maurice Lucas clutch?	1977 MAURICE LUCAS · CLUTCH?	qualifies	35
maurice-lucas-1977-playmaker	Maurice Lucas	1977	1976-77	playmaker	Was 1977 Maurice Lucas an elite Playmaker?	1977 MAURICE LUCAS · PLAYMAKER?	does_not_qualify	35
maurice-lucas-1977-team-defender	Maurice Lucas	1977	1976-77	team-defender	Was 1977 Maurice Lucas an elite Team Defender?	1977 MAURICE LUCAS · TEAM DEFENDER?	qualifies	35
metta-world-peace-2004-iso-defender	Metta World Peace	2004	2003-04	iso-defender	Was 2004 Metta World Peace an elite Iso Defender?	2004 METTA WORLD PEACE · ISO DEFENDER?	qualifies	35
metta-world-peace-2004-playmaker	Metta World Peace	2004	2003-04	playmaker	Was 2004 Metta World Peace an elite Playmaker?	2004 METTA WORLD PEACE · PLAYMAKER?	does_not_qualify	35
metta-world-peace-2004-team-defender	Metta World Peace	2004	2003-04	team-defender	Was 2004 Metta World Peace an elite Team Defender?	2004 METTA WORLD PEACE · TEAM DEFENDER?	qualifies	35
michael-cooper-1987-championship-number-one	Michael Cooper	1987	1986-87	championship-number-one	Could 1987 Michael Cooper have been the #1 on a championship team?	1987 MICHAEL COOPER · CHAMPIONSHIP #1?	does_not_qualify	35
michael-cooper-1987-iso-defender	Michael Cooper	1987	1986-87	iso-defender	Was 1987 Michael Cooper an elite Iso Defender?	1987 MICHAEL COOPER · ISO DEFENDER?	qualifies	35
michael-cooper-1987-three-point-shooter	Michael Cooper	1987	1986-87	three-point-shooter	Was 1987 Michael Cooper a Three-Point Shooter?	1987 MICHAEL COOPER · THREE-POINT SHOOTER?	qualifies	35
michael-jordan-1991-championship-number-one	Michael Jordan	1991	1990-91	championship-number-one	Could 1991 Michael Jordan have been the #1 on a championship team?	1991 MICHAEL JORDAN · CHAMPIONSHIP #1?	qualifies	25
michael-jordan-1991-iso-defender	Michael Jordan	1991	1990-91	iso-defender	Was 1991 Michael Jordan an elite Iso Defender?	1991 MICHAEL JORDAN · ISO DEFENDER?	qualifies	35
michael-jordan-1991-rim-pressurer	Michael Jordan	1991	1990-91	rim-pressurer	Was 1991 Michael Jordan a Rim Pressurer?	1991 MICHAEL JORDAN · RIM PRESSURER?	qualifies	35
michael-jordan-1992-championship-number-one	Michael Jordan	1992	1991-92	championship-number-one	Could 1992 Michael Jordan have been the #1 on a championship team?	1992 MICHAEL JORDAN · CHAMPIONSHIP #1?	qualifies	25
michael-jordan-1993-championship-number-one	Michael Jordan	1993	1992-93	championship-number-one	Could 1993 Michael Jordan have been the #1 on a championship team?	1993 MICHAEL JORDAN · CHAMPIONSHIP #1?	qualifies	25
michael-jordan-1996-championship-number-one	Michael Jordan	1996	1995-96	championship-number-one	Could 1996 Michael Jordan have been the #1 on a championship team?	1996 MICHAEL JORDAN · CHAMPIONSHIP #1?	qualifies	25
michael-jordan-1997-championship-number-one	Michael Jordan	1997	1996-97	championship-number-one	Could 1997 Michael Jordan have been the #1 on a championship team?	1997 MICHAEL JORDAN · CHAMPIONSHIP #1?	qualifies	25
michael-jordan-1998-championship-number-one	Michael Jordan	1998	1997-98	championship-number-one	Could 1998 Michael Jordan have been the #1 on a championship team?	1998 MICHAEL JORDAN · CHAMPIONSHIP #1?	qualifies	25
mitch-richmond-1997-playmaker	Mitch Richmond	1997	1996-97	playmaker	Was 1997 Mitch Richmond an elite Playmaker?	1997 MITCH RICHMOND · PLAYMAKER?	does_not_qualify	35
mitch-richmond-1997-three-point-shooter	Mitch Richmond	1997	1996-97	three-point-shooter	Was 1997 Mitch Richmond a Three-Point Shooter?	1997 MITCH RICHMOND · THREE-POINT SHOOTER?	qualifies	35
mitch-richmond-1997-tough-shot-maker	Mitch Richmond	1997	1996-97	tough-shot-maker	Was 1997 Mitch Richmond an elite Tough Shot Maker?	1997 MITCH RICHMOND · TOUGH SHOT MAKER?	qualifies	35
mookie-blaylock-1997-iso-defender	Mookie Blaylock	1997	1996-97	iso-defender	Was 1997 Mookie Blaylock an elite Iso Defender?	1997 MOOKIE BLAYLOCK · ISO DEFENDER?	qualifies	35
mookie-blaylock-1997-playmaker	Mookie Blaylock	1997	1996-97	playmaker	Was 1997 Mookie Blaylock an elite Playmaker?	1997 MOOKIE BLAYLOCK · PLAYMAKER?	qualifies	35
mookie-blaylock-1997-team-defender	Mookie Blaylock	1997	1996-97	team-defender	Was 1997 Mookie Blaylock an elite Team Defender?	1997 MOOKIE BLAYLOCK · TEAM DEFENDER?	qualifies	35
moses-malone-1979-ball-stopper	Moses Malone	1979	1978-79	ball-stopper	Was 1979 Moses Malone a Ball Stopper?	1979 MOSES MALONE · BALL STOPPER?	qualifies	35
moses-malone-1979-championship-number-one	Moses Malone	1979	1978-79	championship-number-one	Could 1979 Moses Malone have been the #1 on a championship team?	1979 MOSES MALONE · CHAMPIONSHIP #1?	qualifies	35
moses-malone-1979-playmaker	Moses Malone	1979	1978-79	playmaker	Was 1979 Moses Malone an elite Playmaker?	1979 MOSES MALONE · PLAYMAKER?	does_not_qualify	35
moses-malone-1983-championship-number-one	Moses Malone	1983	1982-83	championship-number-one	Could 1983 Moses Malone have been the #1 on a championship team?	1983 MOSES MALONE · CHAMPIONSHIP #1?	qualifies	25
nikola-jokic-2023-championship-number-one	Nikola Jokic	2023	2022-23	championship-number-one	Could 2023 Nikola Jokic have been the #1 on a championship team?	2023 NIKOLA JOKIC · CHAMPIONSHIP #1?	qualifies	25
nikola-jokic-2023-clutch	Nikola Jokic	2023	2022-23	clutch	Was 2023 Nikola Jokic clutch?	2023 NIKOLA JOKIC · CLUTCH?	qualifies	35
nikola-jokic-2023-playmaker	Nikola Jokic	2023	2022-23	playmaker	Was 2023 Jokic an elite playmaker?	2023 JOKIC · ELITE PLAYMAKER?	qualifies	96
nikola-jokic-2023-tough-shot-maker	Nikola Jokic	2023	2022-23	tough-shot-maker	Was 2023 Nikola Jokic an elite Tough Shot Maker?	2023 NIKOLA JOKIC · TOUGH SHOT MAKER?	qualifies	35
patrick-ewing-1990-championship-number-one	Patrick Ewing	1990	1989-90	championship-number-one	Could 1990 Patrick Ewing have been the #1 on a championship team?	1990 PATRICK EWING · CHAMPIONSHIP #1?	qualifies	35
patrick-ewing-1990-playmaker	Patrick Ewing	1990	1989-90	playmaker	Was 1990 Patrick Ewing an elite Playmaker?	1990 PATRICK EWING · PLAYMAKER?	does_not_qualify	35
patrick-ewing-1990-team-defender	Patrick Ewing	1990	1989-90	team-defender	Was 1990 Patrick Ewing an elite Team Defender?	1990 PATRICK EWING · TEAM DEFENDER?	qualifies	35
pau-gasol-2009-championship-number-one	Pau Gasol	2009	2008-09	championship-number-one	Could 2009 Pau Gasol have been the #1 on a championship team?	2009 PAU GASOL · CHAMPIONSHIP #1?	does_not_qualify	35
pau-gasol-2009-off-ball-scorer	Pau Gasol	2009	2008-09	off-ball-scorer	Was 2009 Pau Gasol an elite Off-Ball Scorer?	2009 PAU GASOL · OFF-BALL SCORER?	qualifies	35
pau-gasol-2009-playmaker	Pau Gasol	2009	2008-09	playmaker	Was 2009 Pau Gasol an elite Playmaker?	2009 PAU GASOL · PLAYMAKER?	qualifies	35
paul-george-2019-championship-number-one	Paul George	2019	2018-19	championship-number-one	Could 2019 Paul George have been the #1 on a championship team?	2019 PAUL GEORGE · CHAMPIONSHIP #1?	qualifies	35
paul-george-2019-iso-defender	Paul George	2019	2018-19	iso-defender	Was 2019 Paul George an elite wing stopper?	2019 PG · ELITE WING STOPPER?		84
paul-george-2019-team-defender	Paul George	2019	2018-19	team-defender	Was 2019 Paul George an elite Team Defender?	2019 PAUL GEORGE · TEAM DEFENDER?	qualifies	35
paul-george-2019-three-point-shooter	Paul George	2019	2018-19	three-point-shooter	Was 2019 Paul George a Three-Point Shooter?	2019 PAUL GEORGE · THREE-POINT SHOOTER?	qualifies	35
paul-pierce-2002-championship-number-one	Paul Pierce	2002	2001-02	championship-number-one	Could 2002 Paul Pierce have been the #1 on a championship team?	2002 PAUL PIERCE · CHAMPIONSHIP #1?	qualifies	35
paul-pierce-2002-rim-pressurer	Paul Pierce	2002	2001-02	rim-pressurer	Was 2002 Paul Pierce a Rim Pressurer?	2002 PAUL PIERCE · RIM PRESSURER?	qualifies	35
paul-pierce-2002-tough-shot-maker	Paul Pierce	2002	2001-02	tough-shot-maker	Was 2002 Paul Pierce an elite Tough Shot Maker?	2002 PAUL PIERCE · TOUGH SHOT MAKER?	qualifies	35
paul-pierce-2008-championship-number-one	Paul Pierce	2008	2007-08	championship-number-one	Could 2008 Paul Pierce have been the #1 on a championship team?	2008 PAUL PIERCE · CHAMPIONSHIP #1?	qualifies	25
peja-stojakovic-2004-iso-defender	Peja Stojakovic	2004	2003-04	iso-defender	Was 2004 Peja Stojakovic an elite Iso Defender?	2004 PEJA STOJAKOVIC · ISO DEFENDER?	does_not_qualify	35
peja-stojakovic-2004-off-ball-scorer	Peja Stojakovic	2004	2003-04	off-ball-scorer	Was 2004 Peja Stojakovic an elite Off-Ball Scorer?	2004 PEJA STOJAKOVIC · OFF-BALL SCORER?	qualifies	35
peja-stojakovic-2004-super-three-point-shooter	Peja Stojakovic	2004	2003-04	super-three-point-shooter	Did 2004 Peja Stojakovic have game-breaking three-point gravity?	2004 PEJA STOJAKOVIC · SUPER THREE-POINT SHOOTER?	qualifies	35
pete-maravich-1977-ball-pounder	Pete Maravich	1977	1976-77	ball-pounder	Was 1977 Pete Maravich a Ball Pounder?	1977 PETE MARAVICH · BALL POUNDER?	qualifies	35
pete-maravich-1977-playmaker	Pete Maravich	1977	1976-77	playmaker	Was 1977 Pete Maravich an elite Playmaker?	1977 PETE MARAVICH · PLAYMAKER?	qualifies	35
pete-maravich-1977-tough-shot-maker	Pete Maravich	1977	1976-77	tough-shot-maker	Was 1977 Pete Maravich an elite Tough Shot Maker?	1977 PETE MARAVICH · TOUGH SHOT MAKER?	qualifies	35
rasheed-wallace-2004-championship-number-one	Rasheed Wallace	2004	2003-04	championship-number-one	Could 2004 Rasheed Wallace have been the #1 on a championship team?	2004 RASHEED WALLACE · CHAMPIONSHIP #1?	does_not_qualify	35
rasheed-wallace-2004-switchable-defender	Rasheed Wallace	2004	2003-04	switchable-defender	Was 2004 Rasheed Wallace a Switchable Defender?	2004 RASHEED WALLACE · SWITCHABLE DEFENDER?	qualifies	35
rasheed-wallace-2004-three-point-shooter	Rasheed Wallace	2004	2003-04	three-point-shooter	Was 2004 Rasheed Wallace a Three-Point Shooter?	2004 RASHEED WALLACE · THREE-POINT SHOOTER?	qualifies	35
ray-allen-2001-clutch	Ray Allen	2001	2000-01	clutch	Was 2001 Ray Allen clutch?	2001 RAY ALLEN · CLUTCH?	qualifies	35
ray-allen-2001-off-ball-scorer	Ray Allen	2001	2000-01	off-ball-scorer	Was 2001 Ray Allen an elite Off-Ball Scorer?	2001 RAY ALLEN · OFF-BALL SCORER?	qualifies	35
ray-allen-2001-three-point-shooter	Ray Allen	2001	2000-01	three-point-shooter	Was 2001 Ray Allen a Three-Point Shooter?	2001 RAY ALLEN · THREE-POINT SHOOTER?	qualifies	35
ray-allen-2006-super-three-point-shooter	Ray Allen	2006	2005-06	super-three-point-shooter	Did 2006 Ray Allen have gravity?	2006 RAY · GRAVITY?		87
reggie-miller-1997-super-three-point-shooter	Reggie Miller	1997	1996-97	super-three-point-shooter	Did 1997 Reggie Miller have gravity?	1997 REGGIE · GRAVITY?		90
reggie-miller-1997-three-point-shooter	Reggie Miller	1997	1996-97	three-point-shooter	Was 1997 Reggie an elite three-point shooter?	1997 REGGIE · ELITE SHOOTER?	qualifies	35
reggie-miller-1998-clutch	Reggie Miller	1998	1997-98	clutch	Was 1998 Reggie Miller clutch?	1998 REGGIE MILLER · CLUTCH?	qualifies	35
reggie-miller-1998-iso-defender	Reggie Miller	1998	1997-98	iso-defender	Was 1998 Reggie Miller an elite Iso Defender?	1998 REGGIE MILLER · ISO DEFENDER?	does_not_qualify	35
reggie-miller-1998-super-three-point-shooter	Reggie Miller	1998	1997-98	super-three-point-shooter	Did 1998 Reggie Miller have game-breaking three-point gravity?	1998 REGGIE MILLER · SUPER THREE-POINT SHOOTER?	qualifies	35
rick-barry-1975-championship-number-one	Rick Barry	1975	1974-75	championship-number-one	Could 1975 Rick Barry have been the #1 on a championship team?	1975 RICK BARRY · CHAMPIONSHIP #1?	qualifies	25
rick-barry-1975-playmaker	Rick Barry	1975	1974-75	playmaker	Was 1975 Rick Barry an elite Playmaker?	1975 RICK BARRY · PLAYMAKER?	qualifies	35
rick-barry-1975-tough-shot-maker	Rick Barry	1975	1974-75	tough-shot-maker	Was 1975 Rick Barry an elite Tough Shot Maker?	1975 RICK BARRY · TOUGH SHOT MAKER?	qualifies	35
robert-parish-1984-championship-number-one	Robert Parish	1984	1983-84	championship-number-one	Could 1984 Robert Parish have been the #1 on a championship team?	1984 ROBERT PARISH · CHAMPIONSHIP #1?	does_not_qualify	35
robert-parish-1984-off-ball-scorer	Robert Parish	1984	1983-84	off-ball-scorer	Was 1984 Robert Parish an elite Off-Ball Scorer?	1984 ROBERT PARISH · OFF-BALL SCORER?	qualifies	35
robert-parish-1984-rim-protector	Robert Parish	1984	1983-84	rim-protector	Was 1984 Robert Parish an elite Rim Protector?	1984 ROBERT PARISH · RIM PROTECTOR?	qualifies	35
rudy-gobert-2019-off-ball-scorer	Rudy Gobert	2019	2018-19	off-ball-scorer	Was 2019 Rudy Gobert an elite Off-Ball Scorer?	2019 RUDY GOBERT · OFF-BALL SCORER?	qualifies	35
rudy-gobert-2019-switchable-defender	Rudy Gobert	2019	2018-19	switchable-defender	Was 2019 Rudy Gobert a Switchable Defender?	2019 RUDY GOBERT · SWITCHABLE DEFENDER?	does_not_qualify	35
rudy-gobert-2019-team-defender	Rudy Gobert	2019	2018-19	team-defender	Was 2019 Rudy Gobert an elite Team Defender?	2019 RUDY GOBERT · TEAM DEFENDER?	qualifies	35
rudy-gobert-2021-rim-protector	Rudy Gobert	2021	2020-21	rim-protector	Was 2021 Gobert an elite rim protector?	2021 GOBERT · ELITE RIM PROTECTOR?	qualifies	85
russell-westbrook-2017-ball-pounder	Russell Westbrook	2017	2016-17	ball-pounder	Was 2017 Russell Westbrook a Ball Pounder?	2017 RUSSELL WESTBROOK · BALL POUNDER?	qualifies	35
russell-westbrook-2017-rim-pressurer	Russell Westbrook	2017	2016-17	rim-pressurer	Did 2017 Russell Westbrook attack the rim?	2017 WESTBROOK · ELITE RIM PRESSURE?		88
russell-westbrook-2017-three-point-shooter	Russell Westbrook	2017	2016-17	three-point-shooter	Was 2017 Westbrook a real three-point threat?	2017 WESTBROOK · REAL THREE-POINT THREAT?	does_not_qualify	85
russell-westbrook-2018-stat-padder	Russell Westbrook	2018	2017-18	stat-padder	Was 2018 Russell Westbrook a Stat Padder?	2018 RUSSELL WESTBROOK · STAT PADDER?	qualifies	45
russell-westbrook-2019-stat-padder	Russell Westbrook	2019	2018-19	stat-padder	Was 2019 Russell Westbrook a Stat Padder?	2019 RUSSELL WESTBROOK · STAT PADDER?	qualifies	45
russell-westbrook-2020-stat-padder	Russell Westbrook	2020	2019-20	stat-padder	Was 2020 Russell Westbrook a Stat Padder?	2020 RUSSELL WESTBROOK · STAT PADDER?	qualifies	45
russell-westbrook-2021-stat-padder	Russell Westbrook	2021	2020-21	stat-padder	Was 2021 Russell Westbrook a Stat Padder?	2021 RUSSELL WESTBROOK · STAT PADDER?	qualifies	45
scottie-pippen-1994-championship-number-one	Scottie Pippen	1994	1993-94	championship-number-one	Could 1994 Scottie Pippen have been the #1 on a championship team?	1994 SCOTTIE PIPPEN · CHAMPIONSHIP #1?	qualifies	35
scottie-pippen-1994-switchable-defender	Scottie Pippen	1994	1993-94	switchable-defender	Was 1994 Scottie Pippen a Switchable Defender?	1994 SCOTTIE PIPPEN · SWITCHABLE DEFENDER?	qualifies	35
scottie-pippen-1994-team-defender	Scottie Pippen	1994	1993-94	team-defender	Was 1994 Scottie Pippen an elite Team Defender?	1994 SCOTTIE PIPPEN · TEAM DEFENDER?	qualifies	35
shai-gilgeous-alexander-2023-foul-merchant	Shai Gilgeous-Alexander	2023	2022-23	foul-merchant	Was 2023 Shai Gilgeous-Alexander a Foul Merchant?	2023 SHAI GILGEOUS-ALEXANDER · FOUL MERCHANT?	qualifies	45
shai-gilgeous-alexander-2024-foul-merchant	Shai Gilgeous-Alexander	2024	2023-24	foul-merchant	Was 2024 Shai Gilgeous-Alexander a Foul Merchant?	2024 SHAI GILGEOUS-ALEXANDER · FOUL MERCHANT?	qualifies	45
shai-gilgeous-alexander-2025-championship-number-one	Shai Gilgeous-Alexander	2025	2024-25	championship-number-one	Could 2025 Shai Gilgeous-Alexander have been the #1 on a championship team?	2025 SHAI GILGEOUS-ALEXANDER · CHAMPIONSHIP #1?	qualifies	25
shai-gilgeous-alexander-2025-rim-pressurer	Shai Gilgeous-Alexander	2025	2024-25	rim-pressurer	Was 2025 Shai Gilgeous-Alexander a Rim Pressurer?	2025 SHAI GILGEOUS-ALEXANDER · RIM PRESSURER?	qualifies	35
shai-gilgeous-alexander-2026-foul-merchant	Shai Gilgeous-Alexander	2026	2025-26	foul-merchant	Was 2026 Shai Gilgeous-Alexander a Foul Merchant?	2026 SHAI GILGEOUS-ALEXANDER · FOUL MERCHANT?	qualifies	45
shaquille-o-neal-2000-championship-number-one	Shaquille O'Neal	2000	1999-00	championship-number-one	Could 2000 Shaquille O'Neal have been the #1 on a championship team?	2000 SHAQUILLE O'NEAL · CHAMPIONSHIP #1?	qualifies	25
shaquille-o-neal-2000-rim-pressurer	Shaquille O'Neal	2000	1999-00	rim-pressurer	Was 2000 Shaquille O'Neal a Rim Pressurer?	2000 SHAQUILLE O'NEAL · RIM PRESSURER?	qualifies	35
shaquille-o-neal-2000-three-point-shooter	Shaquille O'Neal	2000	1999-00	three-point-shooter	Was 2000 Shaquille O'Neal a Three-Point Shooter?	2000 SHAQUILLE O'NEAL · THREE-POINT SHOOTER?	does_not_qualify	35
shaquille-o-neal-2001-championship-number-one	Shaquille O'Neal	2001	2000-01	championship-number-one	Could 2001 Shaquille O'Neal have been the #1 on a championship team?	2001 SHAQUILLE O'NEAL · CHAMPIONSHIP #1?	qualifies	25
shaquille-o-neal-2002-championship-number-one	Shaquille O'Neal	2002	2001-02	championship-number-one	Could 2002 Shaquille O'Neal have been the #1 on a championship team?	2002 SHAQUILLE O'NEAL · CHAMPIONSHIP #1?	qualifies	25
shawn-kemp-1996-off-ball-scorer	Shawn Kemp	1996	1995-96	off-ball-scorer	Was 1996 Shawn Kemp an elite Off-Ball Scorer?	1996 SHAWN KEMP · OFF-BALL SCORER?	qualifies	35
shawn-kemp-1996-playmaker	Shawn Kemp	1996	1995-96	playmaker	Was 1996 Shawn Kemp an elite Playmaker?	1996 SHAWN KEMP · PLAYMAKER?	does_not_qualify	35
shawn-kemp-1996-rim-pressurer	Shawn Kemp	1996	1995-96	rim-pressurer	Was 1996 Shawn Kemp a Rim Pressurer?	1996 SHAWN KEMP · RIM PRESSURER?	qualifies	35
shawn-marion-2006-off-ball-scorer	Shawn Marion	2006	2005-06	off-ball-scorer	Was 2006 Shawn Marion an elite Off-Ball Scorer?	2006 SHAWN MARION · OFF-BALL SCORER?	qualifies	35
shawn-marion-2006-switchable-defender	Shawn Marion	2006	2005-06	switchable-defender	Was 2006 Shawn Marion a Switchable Defender?	2006 SHAWN MARION · SWITCHABLE DEFENDER?	qualifies	35
shawn-marion-2006-tough-shot-maker	Shawn Marion	2006	2005-06	tough-shot-maker	Was 2006 Shawn Marion an elite Tough Shot Maker?	2006 SHAWN MARION · TOUGH SHOT MAKER?	does_not_qualify	35
sidney-moncrief-1983-iso-defender	Sidney Moncrief	1983	1982-83	iso-defender	Was 1983 Sidney Moncrief an elite Iso Defender?	1983 SIDNEY MONCRIEF · ISO DEFENDER?	qualifies	35
sidney-moncrief-1983-rim-pressurer	Sidney Moncrief	1983	1982-83	rim-pressurer	Was 1983 Sidney Moncrief a Rim Pressurer?	1983 SIDNEY MONCRIEF · RIM PRESSURER?	qualifies	35
sidney-moncrief-1983-team-defender	Sidney Moncrief	1983	1982-83	team-defender	Was 1983 Sidney Moncrief an elite Team Defender?	1983 SIDNEY MONCRIEF · TEAM DEFENDER?	qualifies	35
stephen-curry-2016-championship-number-one	Stephen Curry	2016	2015-16	championship-number-one	Could 2016 Stephen Curry have been the #1 on a championship team?	2016 STEPHEN CURRY · CHAMPIONSHIP #1?	qualifies	35
stephen-curry-2016-super-three-point-shooter	Stephen Curry	2016	2015-16	super-three-point-shooter	Did 2016 Stephen Curry have gravity?	2016 CURRY · GRAVITY?	qualifies	98
stephen-curry-2022-championship-number-one	Stephen Curry	2022	2021-22	championship-number-one	Could 2022 Stephen Curry have been the #1 on a championship team?	2022 STEPHEN CURRY · CHAMPIONSHIP #1?	qualifies	25
steve-nash-2005-playmaker	Steve Nash	2005	2004-05	playmaker	Did 2005 Nash create advantages at an MVP level?	2005 NASH · MVP PLAYMAKING?	qualifies	92
steve-nash-2006-iso-defender	Steve Nash	2006	2005-06	iso-defender	Was 2006 Steve Nash an elite Iso Defender?	2006 STEVE NASH · ISO DEFENDER?	does_not_qualify	35
steve-nash-2006-playmaker	Steve Nash	2006	2005-06	playmaker	Was 2006 Steve Nash an elite Playmaker?	2006 STEVE NASH · PLAYMAKER?	qualifies	35
steve-nash-2006-super-three-point-shooter	Steve Nash	2006	2005-06	super-three-point-shooter	Did 2006 Steve Nash have game-breaking three-point gravity?	2006 STEVE NASH · SUPER THREE-POINT SHOOTER?	qualifies	35
tim-duncan-1999-championship-number-one	Tim Duncan	1999	1998-99	championship-number-one	Could 1999 Tim Duncan have been the #1 on a championship team?	1999 TIM DUNCAN · CHAMPIONSHIP #1?	qualifies	25
tim-duncan-2003-championship-number-one	Tim Duncan	2003	2002-03	championship-number-one	Could 2003 Tim Duncan have been the #1 on a championship team?	2003 TIM DUNCAN · CHAMPIONSHIP #1?	qualifies	25
tim-duncan-2003-rim-protector	Tim Duncan	2003	2002-03	rim-protector	Was 2003 Tim Duncan an elite Rim Protector?	2003 TIM DUNCAN · RIM PROTECTOR?	qualifies	35
tim-duncan-2003-team-defender	Tim Duncan	2003	2002-03	team-defender	Was 2003 Tim Duncan an elite Team Defender?	2003 TIM DUNCAN · TEAM DEFENDER?	qualifies	35
tim-duncan-2005-championship-number-one	Tim Duncan	2005	2004-05	championship-number-one	Could 2005 Tim Duncan have been the #1 on a championship team?	2005 TIM DUNCAN · CHAMPIONSHIP #1?	qualifies	25
tim-hardaway-1997-iso-defender	Tim Hardaway	1997	1996-97	iso-defender	Was 1997 Tim Hardaway an elite Iso Defender?	1997 TIM HARDAWAY · ISO DEFENDER?	does_not_qualify	35
tim-hardaway-1997-playmaker	Tim Hardaway	1997	1996-97	playmaker	Was 1997 Tim Hardaway an elite Playmaker?	1997 TIM HARDAWAY · PLAYMAKER?	qualifies	35
tim-hardaway-1997-three-point-shooter	Tim Hardaway	1997	1996-97	three-point-shooter	Was 1997 Tim Hardaway a Three-Point Shooter?	1997 TIM HARDAWAY · THREE-POINT SHOOTER?	qualifies	35
toni-kukoc-1996-iso-defender	Toni Kukoc	1996	1995-96	iso-defender	Was 1996 Toni Kukoc an elite Iso Defender?	1996 TONI KUKOC · ISO DEFENDER?	does_not_qualify	35
toni-kukoc-1996-off-ball-scorer	Toni Kukoc	1996	1995-96	off-ball-scorer	Was 1996 Toni Kukoc an elite Off-Ball Scorer?	1996 TONI KUKOC · OFF-BALL SCORER?	qualifies	35
toni-kukoc-1996-playmaker	Toni Kukoc	1996	1995-96	playmaker	Was 1996 Toni Kukoc an elite Playmaker?	1996 TONI KUKOC · PLAYMAKER?	qualifies	35
tony-parker-2007-championship-number-one	Tony Parker	2007	2006-07	championship-number-one	Could 2007 Tony Parker have been the #1 on a championship team?	2007 TONY PARKER · CHAMPIONSHIP #1?	qualifies	25
tony-parker-2009-playmaker	Tony Parker	2009	2008-09	playmaker	Was 2009 Tony Parker an elite Playmaker?	2009 TONY PARKER · PLAYMAKER?	qualifies	35
tony-parker-2009-rim-pressurer	Tony Parker	2009	2008-09	rim-pressurer	Was 2009 Tony Parker a Rim Pressurer?	2009 TONY PARKER · RIM PRESSURER?	qualifies	35
tony-parker-2009-team-defender	Tony Parker	2009	2008-09	team-defender	Was 2009 Tony Parker an elite Team Defender?	2009 TONY PARKER · TEAM DEFENDER?	does_not_qualify	35
tracy-mcgrady-2003-playmaker	Tracy McGrady	2003	2002-03	playmaker	Was 2003 Tracy McGrady an elite Playmaker?	2003 TRACY MCGRADY · PLAYMAKER?	qualifies	35
tracy-mcgrady-2003-team-defender	Tracy McGrady	2003	2002-03	team-defender	Was 2003 Tracy McGrady an elite Team Defender?	2003 TRACY MCGRADY · TEAM DEFENDER?	does_not_qualify	35
tyrese-haliburton-2024-playmaker	Tyrese Haliburton	2024	2023-24	playmaker	Was 2024 Tyrese Haliburton an elite Playmaker?	2024 TYRESE HALIBURTON · PLAYMAKER?	qualifies	35
tyrese-haliburton-2024-team-defender	Tyrese Haliburton	2024	2023-24	team-defender	Was 2024 Tyrese Haliburton an elite Team Defender?	2024 TYRESE HALIBURTON · TEAM DEFENDER?	does_not_qualify	35
tyrese-haliburton-2024-three-point-shooter	Tyrese Haliburton	2024	2023-24	three-point-shooter	Was 2024 Tyrese Haliburton a Three-Point Shooter?	2024 TYRESE HALIBURTON · THREE-POINT SHOOTER?	qualifies	35
victor-wembanyama-2025-rim-protector	Victor Wembanyama	2025	2024-25	rim-protector	Was 2025 Victor Wembanyama an elite Rim Protector?	2025 VICTOR WEMBANYAMA · RIM PROTECTOR?	qualifies	35
victor-wembanyama-2025-switchable-defender	Victor Wembanyama	2025	2024-25	switchable-defender	Was 2025 Victor Wembanyama a Switchable Defender?	2025 VICTOR WEMBANYAMA · SWITCHABLE DEFENDER?	qualifies	35
victor-wembanyama-2025-three-point-shooter	Victor Wembanyama	2025	2024-25	three-point-shooter	Was 2025 Victor Wembanyama a Three-Point Shooter?	2025 VICTOR WEMBANYAMA · THREE-POINT SHOOTER?	qualifies	35
vince-carter-2001-rim-pressurer	Vince Carter	2001	2000-01	rim-pressurer	Was 2001 Vince Carter a Rim Pressurer?	2001 VINCE CARTER · RIM PRESSURER?	qualifies	35
vince-carter-2001-team-defender	Vince Carter	2001	2000-01	team-defender	Was 2001 Vince Carter an elite Team Defender?	2001 VINCE CARTER · TEAM DEFENDER?	does_not_qualify	35
vince-carter-2001-tough-shot-maker	Vince Carter	2001	2000-01	tough-shot-maker	Was 2001 Vince Carter an elite Tough Shot Maker?	2001 VINCE CARTER · TOUGH SHOT MAKER?	qualifies	35
walt-frazier-1975-clutch	Walt Frazier	1975	1974-75	clutch	Was 1975 Walt Frazier clutch?	1975 WALT FRAZIER · CLUTCH?	qualifies	35
walt-frazier-1975-iso-defender	Walt Frazier	1975	1974-75	iso-defender	Was 1975 Walt Frazier an elite Iso Defender?	1975 WALT FRAZIER · ISO DEFENDER?	qualifies	35
walt-frazier-1975-playmaker	Walt Frazier	1975	1974-75	playmaker	Was 1975 Walt Frazier an elite Playmaker?	1975 WALT FRAZIER · PLAYMAKER?	qualifies	35
wes-unseld-1978-championship-number-one	Wes Unseld	1978	1977-78	championship-number-one	Could 1978 Wes Unseld have been the #1 on a championship team?	1978 WES UNSELD · CHAMPIONSHIP #1?	qualifies	25
world-b-free-1980-ball-stopper	World B. Free	1980	1979-80	ball-stopper	Was 1980 World B. Free a Ball Stopper?	1980 WORLD B. FREE · BALL STOPPER?	qualifies	35
world-b-free-1980-rim-pressurer	World B. Free	1980	1979-80	rim-pressurer	Was 1980 World B. Free a Rim Pressurer?	1980 WORLD B. FREE · RIM PRESSURER?	qualifies	35
world-b-free-1980-tough-shot-maker	World B. Free	1980	1979-80	tough-shot-maker	Was 1980 World B. Free an elite Tough Shot Maker?	1980 WORLD B. FREE · TOUGH SHOT MAKER?	qualifies	35
yao-ming-2007-rim-protector	Yao Ming	2007	2006-07	rim-protector	Was 2007 Yao Ming an elite Rim Protector?	2007 YAO MING · RIM PROTECTOR?	qualifies	35
yao-ming-2007-switchable-defender	Yao Ming	2007	2006-07	switchable-defender	Was 2007 Yao Ming a Switchable Defender?	2007 YAO MING · SWITCHABLE DEFENDER?	does_not_qualify	35
yao-ming-2007-tough-shot-maker	Yao Ming	2007	2006-07	tough-shot-maker	Was 2007 Yao Ming an elite Tough Shot Maker?	2007 YAO MING · TOUGH SHOT MAKER?	qualifies	35
